db_university,db_major,reason
LH토지주택대학교,건축공학과,학교 유사도 0.8 또는 학과 유사도 0.6 조건 미충족
가야대학교,광학공학과,학교 유사도 0.8 또는 학과 유사도 0.6 조건 미충족
가야대학교,교양인문학부,학교 유사도 0.8 또는 학과 유사도 0.6 조건 미충족
가천대학교,교양인문학부,학교 유사도 0.8 또는 학과 유사도 0.6 조건 미충족
가천대학교,국제학부,학교 유사도 0.8 또는 학과 유사도 0.6 조건 미충족
가천대학교,기타아시아어학과,학교 유사도 0.8 또는 학과 유사도 0.6 조건 미충족
가천대학교,기타유럽어학과,학교 유사도 0.8 또는 학과 유사도 0.6 조건 미충족
가천대학교,응급구조학과,학교 유사도 0.8 또는 학과 유사도 0.6 조건 미충족
가톨릭관동대학교,경영정보학과,학교 유사도 0.8 또는 학과 유사도 0.6 조건 미충족
가톨릭관동대학교,경제학과,학교 유사도 0.8 또는 학과 유사도 0.6 조건 미충족
가톨릭관동대학교,관광경영학과,학교 유사도 0.8 또는 학과 유사도 0.6 조건 미충족
가톨릭관동대학교,광학공학과,학교 유사도 0.8 또는 학과 유사도 0.6 조건 미충족
가톨릭관동대학교,교양공학부,학교 유사도 0.8 또는 학과 유사도 0.6 조건 미충족
가톨릭관동대학교,교양인문학부,학교 유사도 0.8 또는 학과 유사도 0.6 조건 미충족
가톨릭관동대학교,군사학과,학교 유사도 0.8 또는 학과 유사도 0.6 조건 미충족
가톨릭관동대학교,기독교학과,학교 유사도 0.8 또는 학과 유사도 0.6 조건 미충족
가톨릭관동대학교,보건관리학과,학교 유사도 0.8 또는 학과 유사도 0.6 조건 미충족
가톨릭관동대학교,의료정보공학과,학교 유사도 0.8 또는 학과 유사도 0.6 조건 미충족
가톨릭대학교,교양경상학부,학교 유사도 0.8 또는 학과 유사도 0.6 조건 미충족
가톨릭대학교,교양공학부,학교 유사도 0.8 또는 학과 유사도 0.6 조건 미충족
가톨릭대학교,교양사회과학부,학교 유사도 0.8 또는 학과 유사도 0.6 조건 미충족
가톨릭대학교,교양생활과학부,학교 유사도 0.8 또는 학과 유사도 0.6 조건 미충족
가톨릭대학교,교양인문학부,학교 유사도 0.8 또는 학과 유사도 0.6 조건 미충족
가톨릭대학교,교양자연과학부,학교 유사도 0.8 또는 학과 유사도 0.6 조건 미충족
가톨릭대학교,국제법무학과,학교 유사도 0.8 또는 학과 유사도 0.6 조건 미충족
가톨릭대학교,국제학부,학교 유사도 0.8 또는 학과 유사도 0.6 조건 미충족
가톨릭대학교,생명과학과,학교 유사도 0.8 또는 학과 유사도 0.6 조건 미충족
가톨릭상지대학교,국방기술과,학교 유사도 0.8 또는 학과 유사도 0.6 조건 미충족
가톨릭상지대학교,농수산과,학교 유사도 0.8 또는 학과 유사도 0.6 조건 미충족
가톨릭상지대학교,바이오생명정보과,학교 유사도 0.8 또는 학과 유사도 0.6 조건 미충족
가톨릭상지대학교,반려동물과,학교 유사도 0.8 또는 학과 유사도 0.6 조건 미충족
가톨릭상지대학교,보건행정과,학교 유사도 0.8 또는 학과 유사도 0.6 조건 미충족
강남대학교,교양사회과학부,학교 유사도 0.8 또는 학과 유사도 0.6 조건 미충족
강동대학교,교양과,학교 유사도 0.8 또는 학과 유사도 0.6 조건 미충족
강동대학교,산업안전과,학교 유사도 0.8 또는 학과 유사도 0.6 조건 미충족
강동대학교,소방안전관리과,학교 유사도 0.8 또는 학과 유사도 0.6 조건 미충족
강릉영동대학교,간호과,학교 유사도 0.8 또는 학과 유사도 0.6 조건 미충족
강릉영동대학교,건축과,학교 유사도 0.8 또는 학과 유사도 0.6 조건 미충족
강릉영동대학교,경영정보과,학교 유사도 0.8 또는 학과 유사도 0.6 조건 미충족
강릉영동대학교,경찰행정과,학교 유사도 0.8 또는 학과 유사도 0.6 조건 미충족
강릉영동대학교,관광경영과,학교 유사도 0.8 또는 학과 유사도 0.6 조건 미충족
강릉영동대학교,광고기획과,학교 유사도 0.8 또는 학과 유사도 0.6 조건 미충족
강릉영동대학교,금형설계과,학교 유사도 0.8 또는 학과 유사도 0.6 조건 미충족
강릉영동대학교,농수산과,학교 유사도 0.8 또는 학과 유사도 0.6 조건 미충족
강릉영동대학교,물리치료과,학교 유사도 0.8 또는 학과 유사도 0.6 조건 미충족
강릉영동대학교,의료보장구과,학교 유사도 0.8 또는 학과 유사도 0.6 조건 미충족
강릉영동대학교,의료정보시스템과,학교 유사도 0.8 또는 학과 유사도 0.6 조건 미충족
강서대학교,경영정보학과,학교 유사도 0.8 또는 학과 유사도 0.6 조건 미충족
강원대학교,교양공학부,학교 유사도 0.8 또는 학과 유사도 0.6 조건 미충족
강원대학교,교양사회과학부,학교 유사도 0.8 또는 학과 유사도 0.6 조건 미충족
강원대학교,교양생활과학부,학교 유사도 0.8 또는 학과 유사도 0.6 조건 미충족
강원대학교,교양자연과학부,학교 유사도 0.8 또는 학과 유사도 0.6 조건 미충족
강원대학교,독어독문학과,학교 유사도 0.8 또는 학과 유사도 0.6 조건 미충족
강원도립대학교,경찰행정과,학교 유사도 0.8 또는 학과 유사도 0.6 조건 미충족
강원도립대학교,농수산과,학교 유사도 0.8 또는 학과 유사도 0.6 조건 미충족
강원도립대학교,소방안전관리과,학교 유사도 0.8 또는 학과 유사도 0.6 조건 미충족
거제대학교,경영회계정보과,학교 유사도 0.8 또는 학과 유사도 0.6 조건 미충족
거제대학교,교양과,학교 유사도 0.8 또는 학과 유사도 0.6 조건 미충족
거제대학교,국제경영과,학교 유사도 0.8 또는 학과 유사도 0.6 조건 미충족
거제대학교,기계과,학교 유사도 0.8 또는 학과 유사도 0.6 조건 미충족
거제대학교,산업안전과,학교 유사도 0.8 또는 학과 유사도 0.6 조건 미충족
건국대학교,교양사회과학부,학교 유사도 0.8 또는 학과 유사도 0.6 조건 미충족
건국대학교,교양인문학부,학교 유사도 0.8 또는 학과 유사도 0.6 조건 미충족
건국대학교,기타유럽어학과,학교 유사도 0.8 또는 학과 유사도 0.6 조건 미충족
건국대학교 글로컬캠퍼스,광고홍보학과,학교 유사도 0.8 또는 학과 유사도 0.6 조건 미충족
건국대학교 글로컬캠퍼스,교양사회과학부,학교 유사도 0.8 또는 학과 유사도 0.6 조건 미충족
건국대학교 글로컬캠퍼스,교양자연과학부,학교 유사도 0.8 또는 학과 유사도 0.6 조건 미충족
건국대학교 글로컬캠퍼스,문예창작학과,학교 유사도 0.8 또는 학과 유사도 0.6 조건 미충족
건양대학교,건축학과,학교 유사도 0.8 또는 학과 유사도 0.6 조건 미충족
건양대학교,교양공학부,학교 유사도 0.8 또는 학과 유사도 0.6 조건 미충족
건양대학교,교양인문학부,학교 유사도 0.8 또는 학과 유사도 0.6 조건 미충족
건양사이버대학교,경영학과,학교 유사도 0.8 또는 학과 유사도 0.6 조건 미충족
건양사이버대학교,광고홍보학과,학교 유사도 0.8 또는 학과 유사도 0.6 조건 미충족
건양사이버대학교,교양인문학부,학교 유사도 0.8 또는 학과 유사도 0.6 조건 미충족
건양사이버대학교,교육학과,학교 유사도 0.8 또는 학과 유사도 0.6 조건 미충족
건양사이버대학교,보건관리학과,학교 유사도 0.8 또는 학과 유사도 0.6 조건 미충족
경기과학기술대학교,건축과,학교 유사도 0.8 또는 학과 유사도 0.6 조건 미충족
경기과학기술대학교,게임콘텐츠과,학교 유사도 0.8 또는 학과 유사도 0.6 조건 미충족
경기과학기술대학교,경영정보과,학교 유사도 0.8 또는 학과 유사도 0.6 조건 미충족
경기과학기술대학교,교양과,학교 유사도 0.8 또는 학과 유사도 0.6 조건 미충족
경기과학기술대학교,금형설계과,학교 유사도 0.8 또는 학과 유사도 0.6 조건 미충족
경기과학기술대학교,기계과,학교 유사도 0.8 또는 학과 유사도 0.6 조건 미충족
경기과학기술대학교,기계설계과,학교 유사도 0.8 또는 학과 유사도 0.6 조건 미충족
경기과학기술대학교,바이오생명정보과,학교 유사도 0.8 또는 학과 유사도 0.6 조건 미충족
경기과학기술대학교,보건행정과,학교 유사도 0.8 또는 학과 유사도 0.6 조건 미충족
경기과학기술대학교,소방안전관리과,학교 유사도 0.8 또는 학과 유사도 0.6 조건 미충족
경기대학교,교양인문학부,학교 유사도 0.8 또는 학과 유사도 0.6 조건 미충족
경기대학교,교통공학과,학교 유사도 0.8 또는 학과 유사도 0.6 조건 미충족
경기대학교,국제관계학과,학교 유사도 0.8 또는 학과 유사도 0.6 조건 미충족
경기대학교,문예창작학과,학교 유사도 0.8 또는 학과 유사도 0.6 조건 미충족
경남대학교,교양인문학부,학교 유사도 0.8 또는 학과 유사도 0.6 조건 미충족
경남대학교,교양자연과학부,학교 유사도 0.8 또는 학과 유사도 0.6 조건 미충족
경남도립거창대학,간호과,학교 유사도 0.8 또는 학과 유사도 0.6 조건 미충족
경남도립거창대학,건축과,학교 유사도 0.8 또는 학과 유사도 0.6 조건 미충족
경남도립거창대학,보건행정과,학교 유사도 0.8 또는 학과 유사도 0.6 조건 미충족
경남도립남해대학,산업안전과,학교 유사도 0.8 또는 학과 유사도 0.6 조건 미충족
경남정보대학교,건축과,학교 유사도 0.8 또는 학과 유사도 0.6 조건 미충족
경남정보대학교,경영정보과,학교 유사도 0.8 또는 학과 유사도 0.6 조건 미충족
경남정보대학교,경찰행정과,학교 유사도 0.8 또는 학과 유사도 0.6 조건 미충족
경남정보대학교,교양과,학교 유사도 0.8 또는 학과 유사도 0.6 조건 미충족
경남정보대학교,기계과,학교 유사도 0.8 또는 학과 유사도 0.6 조건 미충족
경남정보대학교,기계설계과,학교 유사도 0.8 또는 학과 유사도 0.6 조건 미충족
경남정보대학교,문예창작과,학교 유사도 0.8 또는 학과 유사도 0.6 조건 미충족
경남정보대학교,반려동물과,학교 유사도 0.8 또는 학과 유사도 0.6 조건 미충족
경남정보대학교,보건행정과,학교 유사도 0.8 또는 학과 유사도 0.6 조건 미충족
경남정보대학교,소방안전관리과,학교 유사도 0.8 또는 학과 유사도 0.6 조건 미충족
경동대학교,교양인문학부,학교 유사도 0.8 또는 학과 유사도 0.6 조건 미충족
경민대학교,경영정보과,학교 유사도 0.8 또는 학과 유사도 0.6 조건 미충족
경민대학교,교양과,학교 유사도 0.8 또는 학과 유사도 0.6 조건 미충족
경민대학교,농수산과,학교 유사도 0.8 또는 학과 유사도 0.6 조건 미충족
경민대학교,보건행정과,학교 유사도 0.8 또는 학과 유사도 0.6 조건 미충족
경민대학교,소방안전관리과,학교 유사도 0.8 또는 학과 유사도 0.6 조건 미충족
경복대학교,경영정보과,학교 유사도 0.8 또는 학과 유사도 0.6 조건 미충족
경복대학교,관광경영과,학교 유사도 0.8 또는 학과 유사도 0.6 조건 미충족
경복대학교,반려동물과,학교 유사도 0.8 또는 학과 유사도 0.6 조건 미충족
경복대학교,보건행정과,학교 유사도 0.8 또는 학과 유사도 0.6 조건 미충족
경북과학대학교,관광경영과,학교 유사도 0.8 또는 학과 유사도 0.6 조건 미충족
경북과학대학교,국방기술과,학교 유사도 0.8 또는 학과 유사도 0.6 조건 미충족
경북과학대학교,농수산과,학교 유사도 0.8 또는 학과 유사도 0.6 조건 미충족
경북과학대학교,보건행정과,학교 유사도 0.8 또는 학과 유사도 0.6 조건 미충족
경북도립대학교,소방안전관리과,학교 유사도 0.8 또는 학과 유사도 0.6 조건 미충족
경북도립대학교,응급구조과,학교 유사도 0.8 또는 학과 유사도 0.6 조건 미충족
경북보건대학교,보건환경과,학교 유사도 0.8 또는 학과 유사도 0.6 조건 미충족
경북전문대학교,건축과,학교 유사도 0.8 또는 학과 유사도 0.6 조건 미충족
경북전문대학교,경찰행정과,학교 유사도 0.8 또는 학과 유사도 0.6 조건 미충족
경북전문대학교,물리치료과,학교 유사도 0.8 또는 학과 유사도 0.6 조건 미충족
경북전문대학교,보건행정과,학교 유사도 0.8 또는 학과 유사도 0.6 조건 미충족
경북전문대학교,소방안전관리과,학교 유사도 0.8 또는 학과 유사도 0.6 조건 미충족
경상국립대학교,고분자공학과,학교 유사도 0.8 또는 학과 유사도 0.6 조건 미충족
경상국립대학교,교양인문학부,학교 유사도 0.8 또는 학과 유사도 0.6 조건 미충족
경상국립대학교,산림자원학과,학교 유사도 0.8 또는 학과 유사도 0.6 조건 미충족
경성대학교,교양공학부,학교 유사도 0.8 또는 학과 유사도 0.6 조건 미충족
경운대학교,교양공학부,학교 유사도 0.8 또는 학과 유사도 0.6 조건 미충족
경운대학교,교양사회과학부,학교 유사도 0.8 또는 학과 유사도 0.6 조건 미충족
경운대학교,교양인문학부,학교 유사도 0.8 또는 학과 유사도 0.6 조건 미충족
경인여자대학교,간호과,학교 유사도 0.8 또는 학과 유사도 0.6 조건 미충족
경인여자대학교,경영정보과,학교 유사도 0.8 또는 학과 유사도 0.6 조건 미충족
경인여자대학교,관광경영과,학교 유사도 0.8 또는 학과 유사도 0.6 조건 미충족
경인여자대학교,관광통역과,학교 유사도 0.8 또는 학과 유사도 0.6 조건 미충족
경인여자대학교,교양과,학교 유사도 0.8 또는 학과 유사도 0.6 조건 미충족
경인여자대학교,반려동물과,학교 유사도 0.8 또는 학과 유사도 0.6 조건 미충족
경인여자대학교,보건행정과,학교 유사도 0.8 또는 학과 유사도 0.6 조건 미충족
경인여자대학교,보건환경과,학교 유사도 0.8 또는 학과 유사도 0.6 조건 미충족
경일대학교,교양공학부,학교 유사도 0.8 또는 학과 유사도 0.6 조건 미충족
경일대학교,교양인문학부,학교 유사도 0.8 또는 학과 유사도 0.6 조건 미충족
경일대학교,교통공학과,학교 유사도 0.8 또는 학과 유사도 0.6 조건 미충족
경일대학교,농공학과,학교 유사도 0.8 또는 학과 유사도 0.6 조건 미충족
경희대학교,교양공학부,학교 유사도 0.8 또는 학과 유사도 0.6 조건 미충족
경희대학교,교양사회과학부,학교 유사도 0.8 또는 학과 유사도 0.6 조건 미충족
경희대학교,교양인문학부,학교 유사도 0.8 또는 학과 유사도 0.6 조건 미충족
경희대학교,교양자연과학부,학교 유사도 0.8 또는 학과 유사도 0.6 조건 미충족
경희대학교,러시아어문학과,학교 유사도 0.8 또는 학과 유사도 0.6 조건 미충족
경희대학교,약학부,학교 유사도 0.8 또는 학과 유사도 0.6 조건 미충족
경희사이버대학교,경영학과,학교 유사도 0.8 또는 학과 유사도 0.6 조건 미충족
경희사이버대학교,관광경영학과,학교 유사도 0.8 또는 학과 유사도 0.6 조건 미충족
경희사이버대학교,교양사회과학부,학교 유사도 0.8 또는 학과 유사도 0.6 조건 미충족
경희사이버대학교,교양인문학부,학교 유사도 0.8 또는 학과 유사도 0.6 조건 미충족
경희사이버대학교,국어교육과,학교 유사도 0.8 또는 학과 유사도 0.6 조건 미충족
경희사이버대학교,국어국문학과,학교 유사도 0.8 또는 학과 유사도 0.6 조건 미충족
경희사이버대학교,국제학부,학교 유사도 0.8 또는 학과 유사도 0.6 조건 미충족
경희사이버대학교,문예창작학과,학교 유사도 0.8 또는 학과 유사도 0.6 조건 미충족
경희사이버대학교,보건관리학과,학교 유사도 0.8 또는 학과 유사도 0.6 조건 미충족
계명대학교,교양인문학부,학교 유사도 0.8 또는 학과 유사도 0.6 조건 미충족
계명대학교,교양자연과학부,학교 유사도 0.8 또는 학과 유사도 0.6 조건 미충족
계명문화대학교,건축과,학교 유사도 0.8 또는 학과 유사도 0.6 조건 미충족
계명문화대학교,경영회계정보과,학교 유사도 0.8 또는 학과 유사도 0.6 조건 미충족
계명문화대학교,국제경영과,학교 유사도 0.8 또는 학과 유사도 0.6 조건 미충족
계명문화대학교,기계과,학교 유사도 0.8 또는 학과 유사도 0.6 조건 미충족
계명문화대학교,물리치료과,학교 유사도 0.8 또는 학과 유사도 0.6 조건 미충족
계명문화대학교,반려동물과,학교 유사도 0.8 또는 학과 유사도 0.6 조건 미충족
계명문화대학교,보건행정과,학교 유사도 0.8 또는 학과 유사도 0.6 조건 미충족
계명문화대학교,소방안전관리과,학교 유사도 0.8 또는 학과 유사도 0.6 조건 미충족
계명문화대학교,언어재활과,학교 유사도 0.8 또는 학과 유사도 0.6 조건 미충족
계명문화대학교,응급구조과,학교 유사도 0.8 또는 학과 유사도 0.6 조건 미충족
계명문화대학교,의료보장구과,학교 유사도 0.8 또는 학과 유사도 0.6 조건 미충족
계원예술대학교,건축과,학교 유사도 0.8 또는 학과 유사도 0.6 조건 미충족
계원예술대학교,게임콘텐츠과,학교 유사도 0.8 또는 학과 유사도 0.6 조건 미충족
고려대학교,가정교육과,학교 유사도 0.8 또는 학과 유사도 0.6 조건 미충족
고려대학교,건축학과,학교 유사도 0.8 또는 학과 유사도 0.6 조건 미충족
고려대학교,교양공학부,학교 유사도 0.8 또는 학과 유사도 0.6 조건 미충족
고려대학교,교양인문학부,학교 유사도 0.8 또는 학과 유사도 0.6 조건 미충족
고려대학교,교양자연과학부,학교 유사도 0.8 또는 학과 유사도 0.6 조건 미충족
고려대학교,교육학과,학교 유사도 0.8 또는 학과 유사도 0.6 조건 미충족
고려대학교,국어교육과,학교 유사도 0.8 또는 학과 유사도 0.6 조건 미충족
고려대학교,국어국문학과,학교 유사도 0.8 또는 학과 유사도 0.6 조건 미충족
고려대학교,독어독문학과,학교 유사도 0.8 또는 학과 유사도 0.6 조건 미충족
고려대학교,러시아어문학과,학교 유사도 0.8 또는 학과 유사도 0.6 조건 미충족
고려대학교,물리학과,학교 유사도 0.8 또는 학과 유사도 0.6 조건 미충족
고려대학교,방사선학과,학교 유사도 0.8 또는 학과 유사도 0.6 조건 미충족
고려대학교,수학교육과,학교 유사도 0.8 또는 학과 유사도 0.6 조건 미충족
고려대학교,역사교육과,학교 유사도 0.8 또는 학과 유사도 0.6 조건 미충족
고려대학교 세종캠퍼스,고고학과,학교 유사도 0.8 또는 학과 유사도 0.6 조건 미충족
고려대학교 세종캠퍼스,교양인문학부,학교 유사도 0.8 또는 학과 유사도 0.6 조건 미충족
고려대학교 세종캠퍼스,국어국문학과,학교 유사도 0.8 또는 학과 유사도 0.6 조건 미충족
고려대학교 세종캠퍼스,국제문화정보학과,학교 유사도 0.8 또는 학과 유사도 0.6 조건 미충족
고려대학교 세종캠퍼스,국제지역학과,학교 유사도 0.8 또는 학과 유사도 0.6 조건 미충족
고려대학교 세종캠퍼스,독어독문학과,학교 유사도 0.8 또는 학과 유사도 0.6 조건 미충족
고려대학교 세종캠퍼스,독일학과,학교 유사도 0.8 또는 학과 유사도 0.6 조건 미충족
고려대학교 세종캠퍼스,문예창작학과,학교 유사도 0.8 또는 학과 유사도 0.6 조건 미충족
고려대학교 세종캠퍼스,약학부,학교 유사도 0.8 또는 학과 유사도 0.6 조건 미충족
고려사이버대학교,건축공학과,학교 유사도 0.8 또는 학과 유사도 0.6 조건 미충족
고려사이버대학교,경영학과,학교 유사도 0.8 또는 학과 유사도 0.6 조건 미충족
고려사이버대학교,경찰행정학과,학교 유사도 0.8 또는 학과 유사도 0.6 조건 미충족
고려사이버대학교,교양공학부,학교 유사도 0.8 또는 학과 유사도 0.6 조건 미충족
고려사이버대학교,교양인문학부,학교 유사도 0.8 또는 학과 유사도 0.6 조건 미충족
고려사이버대학교,교육학과,학교 유사도 0.8 또는 학과 유사도 0.6 조건 미충족
고려사이버대학교,보건관리학과,학교 유사도 0.8 또는 학과 유사도 0.6 조건 미충족
고신대학교,광고홍보학과,학교 유사도 0.8 또는 학과 유사도 0.6 조건 미충족
고신대학교,교양공학부,학교 유사도 0.8 또는 학과 유사도 0.6 조건 미충족
고신대학교,교양인문학부,학교 유사도 0.8 또는 학과 유사도 0.6 조건 미충족
고신대학교,보건관리학과,학교 유사도 0.8 또는 학과 유사도 0.6 조건 미충족
고신대학교,생명공학과,학교 유사도 0.8 또는 학과 유사도 0.6 조건 미충족
광양보건대학교,물리치료과,학교 유사도 0.8 또는 학과 유사도 0.6 조건 미충족
광양보건대학교,방사선과,학교 유사도 0.8 또는 학과 유사도 0.6 조건 미충족
광양보건대학교,응급구조과,학교 유사도 0.8 또는 학과 유사도 0.6 조건 미충족
광운대학교,게임공학과,학교 유사도 0.8 또는 학과 유사도 0.6 조건 미충족
광운대학교,교양공학부,학교 유사도 0.8 또는 학과 유사도 0.6 조건 미충족
광운대학교,교양인문학부,학교 유사도 0.8 또는 학과 유사도 0.6 조건 미충족
광운대학교,교양자연과학부,학교 유사도 0.8 또는 학과 유사도 0.6 조건 미충족
광운대학교,국제법무학과,학교 유사도 0.8 또는 학과 유사도 0.6 조건 미충족
광운대학교,국제지역학과,학교 유사도 0.8 또는 학과 유사도 0.6 조건 미충족
광운대학교,국제통상학과,학교 유사도 0.8 또는 학과 유사도 0.6 조건 미충족
광운대학교,국제학부,학교 유사도 0.8 또는 학과 유사도 0.6 조건 미충족
광주과학기술원,교양인문학부,학교 유사도 0.8 또는 학과 유사도 0.6 조건 미충족
광주과학기술원,기계공학과,학교 유사도 0.8 또는 학과 유사도 0.6 조건 미충족
광주과학기술원,물리학과,학교 유사도 0.8 또는 학과 유사도 0.6 조건 미충족
광주과학기술원,생명과학과,학교 유사도 0.8 또는 학과 유사도 0.6 조건 미충족
광주교육대학교,가정교육과,학교 유사도 0.8 또는 학과 유사도 0.6 조건 미충족
광주교육대학교,과학교육과,학교 유사도 0.8 또는 학과 유사도 0.6 조건 미충족
광주교육대학교,교육학과,학교 유사도 0.8 또는 학과 유사도 0.6 조건 미충족
광주교육대학교,미술교육과,학교 유사도 0.8 또는 학과 유사도 0.6 조건 미충족
광주교육대학교,사회교육과,학교 유사도 0.8 또는 학과 유사도 0.6 조건 미충족
광주교육대학교,수학교육과,학교 유사도 0.8 또는 학과 유사도 0.6 조건 미충족
광주대학교,교양공학부,학교 유사도 0.8 또는 학과 유사도 0.6 조건 미충족
광주대학교,교양인문학부,학교 유사도 0.8 또는 학과 유사도 0.6 조건 미충족
광주보건대학교,경영정보과,학교 유사도 0.8 또는 학과 유사도 0.6 조건 미충족
광주보건대학교,물리치료과,학교 유사도 0.8 또는 학과 유사도 0.6 조건 미충족
광주보건대학교,방사선과,학교 유사도 0.8 또는 학과 유사도 0.6 조건 미충족
광주보건대학교,보건행정과,학교 유사도 0.8 또는 학과 유사도 0.6 조건 미충족
광주여자대학교,교육학과,학교 유사도 0.8 또는 학과 유사도 0.6 조건 미충족
구미대학교,게임콘텐츠과,학교 유사도 0.8 또는 학과 유사도 0.6 조건 미충족
구미대학교,관광경영과,학교 유사도 0.8 또는 학과 유사도 0.6 조건 미충족
구미대학교,기계과,학교 유사도 0.8 또는 학과 유사도 0.6 조건 미충족
구미대학교,반려동물과,학교 유사도 0.8 또는 학과 유사도 0.6 조건 미충족
구미대학교,보건행정과,학교 유사도 0.8 또는 학과 유사도 0.6 조건 미충족
구미대학교,소방안전관리과,학교 유사도 0.8 또는 학과 유사도 0.6 조건 미충족
구미대학교,언어재활과,학교 유사도 0.8 또는 학과 유사도 0.6 조건 미충족
구미대학교,의료보장구과,학교 유사도 0.8 또는 학과 유사도 0.6 조건 미충족
국립공주대학교,기계설계공학과,학교 유사도 0.8 또는 학과 유사도 0.6 조건 미충족
국립군산대학교,고고학과,학교 유사도 0.8 또는 학과 유사도 0.6 조건 미충족
국립군산대학교,교양자연과학부,학교 유사도 0.8 또는 학과 유사도 0.6 조건 미충족
국립군산대학교,교육학과,학교 유사도 0.8 또는 학과 유사도 0.6 조건 미충족
국립금오공과대학교,건축공학과,학교 유사도 0.8 또는 학과 유사도 0.6 조건 미충족
국립금오공과대학교,건축학과,학교 유사도 0.8 또는 학과 유사도 0.6 조건 미충족
국립금오공과대학교,교양공학부,학교 유사도 0.8 또는 학과 유사도 0.6 조건 미충족
국립금오공과대학교,교양인문학부,학교 유사도 0.8 또는 학과 유사도 0.6 조건 미충족
국립금오공과대학교,생화학과,학교 유사도 0.8 또는 학과 유사도 0.6 조건 미충족
국립목포대학교,교양공학부,학교 유사도 0.8 또는 학과 유사도 0.6 조건 미충족
국립목포대학교,교양사회과학부,학교 유사도 0.8 또는 학과 유사도 0.6 조건 미충족
국립목포대학교,교양생활과학부,학교 유사도 0.8 또는 학과 유사도 0.6 조건 미충족
국립목포대학교,교양자연과학부,학교 유사도 0.8 또는 학과 유사도 0.6 조건 미충족
국립목포대학교,국제문화정보학과,학교 유사도 0.8 또는 학과 유사도 0.6 조건 미충족
국립목포대학교,독어독문학과,학교 유사도 0.8 또는 학과 유사도 0.6 조건 미충족
국립목포대학교,문화인류학과,학교 유사도 0.8 또는 학과 유사도 0.6 조건 미충족
국립목포대학교,물리학과,학교 유사도 0.8 또는 학과 유사도 0.6 조건 미충족
국립목포대학교,산림자원학과,학교 유사도 0.8 또는 학과 유사도 0.6 조건 미충족
국립목포해양대학교,건축학과,학교 유사도 0.8 또는 학과 유사도 0.6 조건 미충족
국립목포해양대학교,군사학과,학교 유사도 0.8 또는 학과 유사도 0.6 조건 미충족
국립부경대학교,교양사회과학부,학교 유사도 0.8 또는 학과 유사도 0.6 조건 미충족
국립부경대학교,의료정보공학과,학교 유사도 0.8 또는 학과 유사도 0.6 조건 미충족
국립순천대학교,교양경상학부,학교 유사도 0.8 또는 학과 유사도 0.6 조건 미충족
국립순천대학교,약학부,학교 유사도 0.8 또는 학과 유사도 0.6 조건 미충족
국립안동대학교,경제학과,학교 유사도 0.8 또는 학과 유사도 0.6 조건 미충족
국립안동대학교,관광경영학과,학교 유사도 0.8 또는 학과 유사도 0.6 조건 미충족
국립안동대학교,국어국문학과,학교 유사도 0.8 또는 학과 유사도 0.6 조건 미충족
국립안동대학교,기계설계공학과,학교 유사도 0.8 또는 학과 유사도 0.6 조건 미충족
국립안동대학교,기타유럽어학과,학교 유사도 0.8 또는 학과 유사도 0.6 조건 미충족
국립안동대학교,문화인류학과,학교 유사도 0.8 또는 학과 유사도 0.6 조건 미충족
국립안동대학교,물리학과,학교 유사도 0.8 또는 학과 유사도 0.6 조건 미충족
국립안동대학교,산림자원학과,학교 유사도 0.8 또는 학과 유사도 0.6 조건 미충족
국립안동대학교,생물학과,학교 유사도 0.8 또는 학과 유사도 0.6 조건 미충족
국립안동대학교,생화학과,학교 유사도 0.8 또는 학과 유사도 0.6 조건 미충족
국립창원대학교,간호학과,학교 유사도 0.8 또는 학과 유사도 0.6 조건 미충족
국립창원대학교,건축공학과,학교 유사도 0.8 또는 학과 유사도 0.6 조건 미충족
국립창원대학교,건축학과,학교 유사도 0.8 또는 학과 유사도 0.6 조건 미충족
국립창원대학교,경영학과,학교 유사도 0.8 또는 학과 유사도 0.6 조건 미충족
국립창원대학교,국어국문학과,학교 유사도 0.8 또는 학과 유사도 0.6 조건 미충족
국립창원대학교,국제관계학과,학교 유사도 0.8 또는 학과 유사도 0.6 조건 미충족
국립창원대학교,기계공학과,학교 유사도 0.8 또는 학과 유사도 0.6 조건 미충족
국립창원대학교,독어독문학과,학교 유사도 0.8 또는 학과 유사도 0.6 조건 미충족
국립창원대학교,물리학과,학교 유사도 0.8 또는 학과 유사도 0.6 조건 미충족
국립창원대학교,생명과학과,학교 유사도 0.8 또는 학과 유사도 0.6 조건 미충족
국립창원대학교,생물학과,학교 유사도 0.8 또는 학과 유사도 0.6 조건 미충족
국립한국교통대학교,교양인문학부,학교 유사도 0.8 또는 학과 유사도 0.6 조건 미충족
국립한국해양대학교,건축학과,학교 유사도 0.8 또는 학과 유사도 0.6 조건 미충족
국립한국해양대학교,교육학과,학교 유사도 0.8 또는 학과 유사도 0.6 조건 미충족
국립한국해양대학교,군사학과,학교 유사도 0.8 또는 학과 유사도 0.6 조건 미충족
국립한밭대학교,교양공학부,학교 유사도 0.8 또는 학과 유사도 0.6 조건 미충족
국립한밭대학교,교양인문학부,학교 유사도 0.8 또는 학과 유사도 0.6 조건 미충족
국립한밭대학교,교양자연과학부,학교 유사도 0.8 또는 학과 유사도 0.6 조건 미충족
국민대학교,건축공학과,학교 유사도 0.8 또는 학과 유사도 0.6 조건 미충족
국민대학교,건축학과,학교 유사도 0.8 또는 학과 유사도 0.6 조건 미충족
국민대학교,광고홍보학과,학교 유사도 0.8 또는 학과 유사도 0.6 조건 미충족
국민대학교,교양사회과학부,학교 유사도 0.8 또는 학과 유사도 0.6 조건 미충족
국제대학교,게임콘텐츠과,학교 유사도 0.8 또는 학과 유사도 0.6 조건 미충족
국제대학교,교양과,학교 유사도 0.8 또는 학과 유사도 0.6 조건 미충족
국제대학교,기계과,학교 유사도 0.8 또는 학과 유사도 0.6 조건 미충족
국제대학교,반려동물과,학교 유사도 0.8 또는 학과 유사도 0.6 조건 미충족
국제대학교,산업안전과,학교 유사도 0.8 또는 학과 유사도 0.6 조건 미충족
국제대학교,소방안전관리과,학교 유사도 0.8 또는 학과 유사도 0.6 조건 미충족
국제대학교,의료보장구과,학교 유사도 0.8 또는 학과 유사도 0.6 조건 미충족
국제사이버대학교,경영학과,학교 유사도 0.8 또는 학과 유사도 0.6 조건 미충족
국제사이버대학교,교양인문학부,학교 유사도 0.8 또는 학과 유사도 0.6 조건 미충족
국제사이버대학교,교육학과,학교 유사도 0.8 또는 학과 유사도 0.6 조건 미충족
국제사이버대학교,국어교육과,학교 유사도 0.8 또는 학과 유사도 0.6 조건 미충족
국제사이버대학교,농공학과,학교 유사도 0.8 또는 학과 유사도 0.6 조건 미충족
군산간호대학교,간호과,학교 유사도 0.8 또는 학과 유사도 0.6 조건 미충족
군장대학교,간호과,학교 유사도 0.8 또는 학과 유사도 0.6 조건 미충족
군장대학교,경영정보과,학교 유사도 0.8 또는 학과 유사도 0.6 조건 미충족
군장대학교,국제경영과,학교 유사도 0.8 또는 학과 유사도 0.6 조건 미충족
군장대학교,기계과,학교 유사도 0.8 또는 학과 유사도 0.6 조건 미충족
군장대학교,물리치료과,학교 유사도 0.8 또는 학과 유사도 0.6 조건 미충족
극동대학교,교양인문학부,학교 유사도 0.8 또는 학과 유사도 0.6 조건 미충족
글로벌사이버대학교,경영학과,학교 유사도 0.8 또는 학과 유사도 0.6 조건 미충족
글로벌사이버대학교,교양사회과학부,학교 유사도 0.8 또는 학과 유사도 0.6 조건 미충족
글로벌사이버대학교,교양인문학부,학교 유사도 0.8 또는 학과 유사도 0.6 조건 미충족
글로벌사이버대학교,국제지역학과,학교 유사도 0.8 또는 학과 유사도 0.6 조건 미충족
글로벌사이버대학교,문화인류학과,학교 유사도 0.8 또는 학과 유사도 0.6 조건 미충족
금강대학교,국제통상학과,학교 유사도 0.8 또는 학과 유사도 0.6 조건 미충족
금강대학교,기타유럽어학과,학교 유사도 0.8 또는 학과 유사도 0.6 조건 미충족
기독간호대학교,간호과,학교 유사도 0.8 또는 학과 유사도 0.6 조건 미충족
김천대학교,교양인문학부,학교 유사도 0.8 또는 학과 유사도 0.6 조건 미충족
김천대학교,보건관리학과,학교 유사도 0.8 또는 학과 유사도 0.6 조건 미충족
김포대학교,게임콘텐츠과,학교 유사도 0.8 또는 학과 유사도 0.6 조건 미충족
김포대학교,경영정보과,학교 유사도 0.8 또는 학과 유사도 0.6 조건 미충족
김포대학교,경찰행정과,학교 유사도 0.8 또는 학과 유사도 0.6 조건 미충족
김포대학교,관광경영과,학교 유사도 0.8 또는 학과 유사도 0.6 조건 미충족
김포대학교,교양과,학교 유사도 0.8 또는 학과 유사도 0.6 조건 미충족
김포대학교,보건행정과,학교 유사도 0.8 또는 학과 유사도 0.6 조건 미충족
김포대학교,보건환경과,학교 유사도 0.8 또는 학과 유사도 0.6 조건 미충족
김포대학교,산업안전과,학교 유사도 0.8 또는 학과 유사도 0.6 조건 미충족
김해대학교,산업안전과,학교 유사도 0.8 또는 학과 유사도 0.6 조건 미충족
김해대학교,소방안전관리과,학교 유사도 0.8 또는 학과 유사도 0.6 조건 미충족
김해대학교,응급구조과,학교 유사도 0.8 또는 학과 유사도 0.6 조건 미충족
김해대학교,의료보장구과,학교 유사도 0.8 또는 학과 유사도 0.6 조건 미충족
김해대학교,의료정보시스템과,학교 유사도 0.8 또는 학과 유사도 0.6 조건 미충족
나사렛대학교,교양인문학부,학교 유사도 0.8 또는 학과 유사도 0.6 조건 미충족
나사렛대학교,문헌정보학과,학교 유사도 0.8 또는 학과 유사도 0.6 조건 미충족
나주대학교,가족복지과,학교 유사도 0.8 또는 학과 유사도 0.6 조건 미충족
나주대학교,농수산과,학교 유사도 0.8 또는 학과 유사도 0.6 조건 미충족
나주대학교,바이오생명정보과,학교 유사도 0.8 또는 학과 유사도 0.6 조건 미충족
나주대학교,의료정보시스템과,학교 유사도 0.8 또는 학과 유사도 0.6 조건 미충족
남부대학교,교양인문학부,학교 유사도 0.8 또는 학과 유사도 0.6 조건 미충족
남서울대학교,교양인문학부,학교 유사도 0.8 또는 학과 유사도 0.6 조건 미충족
농협대학교,농수산과,학교 유사도 0.8 또는 학과 유사도 0.6 조건 미충족
단국대학교,고분자공학과,학교 유사도 0.8 또는 학과 유사도 0.6 조건 미충족
단국대학교,광고홍보학과,학교 유사도 0.8 또는 학과 유사도 0.6 조건 미충족
단국대학교,교양공학부,학교 유사도 0.8 또는 학과 유사도 0.6 조건 미충족
단국대학교,국제학부,학교 유사도 0.8 또는 학과 유사도 0.6 조건 미충족
단국대학교,기타아시아어학과,학교 유사도 0.8 또는 학과 유사도 0.6 조건 미충족
단국대학교,기타유럽어학과,학교 유사도 0.8 또는 학과 유사도 0.6 조건 미충족
단국대학교,독어독문학과,학교 유사도 0.8 또는 학과 유사도 0.6 조건 미충족
단국대학교,독일학과,학교 유사도 0.8 또는 학과 유사도 0.6 조건 미충족
단국대학교,러시아어문학과,학교 유사도 0.8 또는 학과 유사도 0.6 조건 미충족
단국대학교,러시아학과,학교 유사도 0.8 또는 학과 유사도 0.6 조건 미충족
단국대학교,문예창작학과,학교 유사도 0.8 또는 학과 유사도 0.6 조건 미충족
단국대학교,약학부,학교 유사도 0.8 또는 학과 유사도 0.6 조건 미충족
대경대학교,바이오동물과,학교 유사도 0.8 또는 학과 유사도 0.6 조건 미충족
대경대학교,반려동물과,학교 유사도 0.8 또는 학과 유사도 0.6 조건 미충족
대구가톨릭대학교,광고홍보학과,학교 유사도 0.8 또는 학과 유사도 0.6 조건 미충족
대구가톨릭대학교,교양경상학부,학교 유사도 0.8 또는 학과 유사도 0.6 조건 미충족
대구가톨릭대학교,교양공학부,학교 유사도 0.8 또는 학과 유사도 0.6 조건 미충족
대구가톨릭대학교,교양사회과학부,학교 유사도 0.8 또는 학과 유사도 0.6 조건 미충족
대구가톨릭대학교,교양생활과학부,학교 유사도 0.8 또는 학과 유사도 0.6 조건 미충족
대구가톨릭대학교,국제통상학과,학교 유사도 0.8 또는 학과 유사도 0.6 조건 미충족
대구가톨릭대학교,생명과학과,학교 유사도 0.8 또는 학과 유사도 0.6 조건 미충족
대구가톨릭대학교,생화학과,학교 유사도 0.8 또는 학과 유사도 0.6 조건 미충족
대구경북과학기술원,교양생활과학부,학교 유사도 0.8 또는 학과 유사도 0.6 조건 미충족
대구경북과학기술원,교양인문학부,학교 유사도 0.8 또는 학과 유사도 0.6 조건 미충족
대구공업대학교,건축과,학교 유사도 0.8 또는 학과 유사도 0.6 조건 미충족
대구공업대학교,경영정보과,학교 유사도 0.8 또는 학과 유사도 0.6 조건 미충족
대구공업대학교,기계과,학교 유사도 0.8 또는 학과 유사도 0.6 조건 미충족
대구공업대학교,보건행정과,학교 유사도 0.8 또는 학과 유사도 0.6 조건 미충족
대구과학대학교,건축과,학교 유사도 0.8 또는 학과 유사도 0.6 조건 미충족
대구과학대학교,경찰행정과,학교 유사도 0.8 또는 학과 유사도 0.6 조건 미충족
대구과학대학교,교양과,학교 유사도 0.8 또는 학과 유사도 0.6 조건 미충족
대구과학대학교,국방기술과,학교 유사도 0.8 또는 학과 유사도 0.6 조건 미충족
대구과학대학교,의료정보시스템과,학교 유사도 0.8 또는 학과 유사도 0.6 조건 미충족
대구대학교,교양공학부,학교 유사도 0.8 또는 학과 유사도 0.6 조건 미충족
대구대학교,교양사회과학부,학교 유사도 0.8 또는 학과 유사도 0.6 조건 미충족
대구대학교,교양인문학부,학교 유사도 0.8 또는 학과 유사도 0.6 조건 미충족
대구대학교,교양자연과학부,학교 유사도 0.8 또는 학과 유사도 0.6 조건 미충족
대구대학교,국어국문학과,학교 유사도 0.8 또는 학과 유사도 0.6 조건 미충족
대구대학교,국제관계학과,학교 유사도 0.8 또는 학과 유사도 0.6 조건 미충족
대구대학교,기계설계공학과,학교 유사도 0.8 또는 학과 유사도 0.6 조건 미충족
대구대학교,생명과학과,학교 유사도 0.8 또는 학과 유사도 0.6 조건 미충족
대구보건대학교,교양과,학교 유사도 0.8 또는 학과 유사도 0.6 조건 미충족
대구보건대학교,바이오생명정보과,학교 유사도 0.8 또는 학과 유사도 0.6 조건 미충족
대구보건대학교,반려동물과,학교 유사도 0.8 또는 학과 유사도 0.6 조건 미충족
대구보건대학교,방사선과,학교 유사도 0.8 또는 학과 유사도 0.6 조건 미충족
대구보건대학교,보건행정과,학교 유사도 0.8 또는 학과 유사도 0.6 조건 미충족
대구보건대학교,보건환경과,학교 유사도 0.8 또는 학과 유사도 0.6 조건 미충족
대구보건대학교,소방안전관리과,학교 유사도 0.8 또는 학과 유사도 0.6 조건 미충족
대구보건대학교,언어재활과,학교 유사도 0.8 또는 학과 유사도 0.6 조건 미충족
대구사이버대학교,교양사회과학부,학교 유사도 0.8 또는 학과 유사도 0.6 조건 미충족
대구사이버대학교,교양인문학부,학교 유사도 0.8 또는 학과 유사도 0.6 조건 미충족
대구사이버대학교,국제문화정보학과,학교 유사도 0.8 또는 학과 유사도 0.6 조건 미충족
대구사이버대학교,언어치료학과,학교 유사도 0.8 또는 학과 유사도 0.6 조건 미충족
대구사이버대학교,예술치료학과,학교 유사도 0.8 또는 학과 유사도 0.6 조건 미충족
대구한의대학교,관광경영학과,학교 유사도 0.8 또는 학과 유사도 0.6 조건 미충족
대구한의대학교,교양경상학부,학교 유사도 0.8 또는 학과 유사도 0.6 조건 미충족
대구한의대학교,교양공학부,학교 유사도 0.8 또는 학과 유사도 0.6 조건 미충족
대구한의대학교,교양사회과학부,학교 유사도 0.8 또는 학과 유사도 0.6 조건 미충족
대구한의대학교,교양인문학부,학교 유사도 0.8 또는 학과 유사도 0.6 조건 미충족
대구한의대학교,교양자연과학부,학교 유사도 0.8 또는 학과 유사도 0.6 조건 미충족
대구한의대학교,교육학과,학교 유사도 0.8 또는 학과 유사도 0.6 조건 미충족
대구한의대학교,국제통상학과,학교 유사도 0.8 또는 학과 유사도 0.6 조건 미충족
대구한의대학교,보건관리학과,학교 유사도 0.8 또는 학과 유사도 0.6 조건 미충족
대구한의대학교,산림자원학과,학교 유사도 0.8 또는 학과 유사도 0.6 조건 미충족
대구한의대학교,생명과학과,학교 유사도 0.8 또는 학과 유사도 0.6 조건 미충족
대덕대학교,경영정보과,학교 유사도 0.8 또는 학과 유사도 0.6 조건 미충족
대덕대학교,경찰행정과,학교 유사도 0.8 또는 학과 유사도 0.6 조건 미충족
대덕대학교,국방기술과,학교 유사도 0.8 또는 학과 유사도 0.6 조건 미충족
대덕대학교,기계과,학교 유사도 0.8 또는 학과 유사도 0.6 조건 미충족
대덕대학교,기계설계과,학교 유사도 0.8 또는 학과 유사도 0.6 조건 미충족
대덕대학교,반려동물과,학교 유사도 0.8 또는 학과 유사도 0.6 조건 미충족
대덕대학교,보건행정과,학교 유사도 0.8 또는 학과 유사도 0.6 조건 미충족
대덕대학교,의료정보시스템과,학교 유사도 0.8 또는 학과 유사도 0.6 조건 미충족
대림대학교,건축과,학교 유사도 0.8 또는 학과 유사도 0.6 조건 미충족
대림대학교,건축설비과,학교 유사도 0.8 또는 학과 유사도 0.6 조건 미충족
대림대학교,경영정보과,학교 유사도 0.8 또는 학과 유사도 0.6 조건 미충족
대림대학교,기계과,학교 유사도 0.8 또는 학과 유사도 0.6 조건 미충족
대림대학교,보건행정과,학교 유사도 0.8 또는 학과 유사도 0.6 조건 미충족
대림대학교,보건환경과,학교 유사도 0.8 또는 학과 유사도 0.6 조건 미충족
대림대학교,언어재활과,학교 유사도 0.8 또는 학과 유사도 0.6 조건 미충족
대림대학교,의료보장구과,학교 유사도 0.8 또는 학과 유사도 0.6 조건 미충족
대신대학교,교양인문학부,학교 유사도 0.8 또는 학과 유사도 0.6 조건 미충족
대원대학교,바이오생명정보과,학교 유사도 0.8 또는 학과 유사도 0.6 조건 미충족
대원대학교,방사선과,학교 유사도 0.8 또는 학과 유사도 0.6 조건 미충족
대원대학교,소방안전관리과,학교 유사도 0.8 또는 학과 유사도 0.6 조건 미충족
대전과학기술대학교,간호과,학교 유사도 0.8 또는 학과 유사도 0.6 조건 미충족
대전과학기술대학교,건축과,학교 유사도 0.8 또는 학과 유사도 0.6 조건 미충족
대전과학기술대학교,경찰행정과,학교 유사도 0.8 또는 학과 유사도 0.6 조건 미충족
대전과학기술대학교,광고기획과,학교 유사도 0.8 또는 학과 유사도 0.6 조건 미충족
대전과학기술대학교,교양과,학교 유사도 0.8 또는 학과 유사도 0.6 조건 미충족
대전과학기술대학교,기계과,학교 유사도 0.8 또는 학과 유사도 0.6 조건 미충족
대전과학기술대학교,문헌정보과,학교 유사도 0.8 또는 학과 유사도 0.6 조건 미충족
대전과학기술대학교,물리치료과,학교 유사도 0.8 또는 학과 유사도 0.6 조건 미충족
대전과학기술대학교,반려동물과,학교 유사도 0.8 또는 학과 유사도 0.6 조건 미충족
대전과학기술대학교,보건행정과,학교 유사도 0.8 또는 학과 유사도 0.6 조건 미충족
대전과학기술대학교,보건환경과,학교 유사도 0.8 또는 학과 유사도 0.6 조건 미충족
대전과학기술대학교,소방안전관리과,학교 유사도 0.8 또는 학과 유사도 0.6 조건 미충족
대전대학교,고고학과,학교 유사도 0.8 또는 학과 유사도 0.6 조건 미충족
대전대학교,광고홍보학과,학교 유사도 0.8 또는 학과 유사도 0.6 조건 미충족
대전대학교,교양인문학부,학교 유사도 0.8 또는 학과 유사도 0.6 조건 미충족
대전대학교,러시아어문학과,학교 유사도 0.8 또는 학과 유사도 0.6 조건 미충족
대전보건대학교,경영정보과,학교 유사도 0.8 또는 학과 유사도 0.6 조건 미충족
대전보건대학교,경찰행정과,학교 유사도 0.8 또는 학과 유사도 0.6 조건 미충족
대전보건대학교,교양과,학교 유사도 0.8 또는 학과 유사도 0.6 조건 미충족
대전보건대학교,문화재과,학교 유사도 0.8 또는 학과 유사도 0.6 조건 미충족
대전보건대학교,바이오생명정보과,학교 유사도 0.8 또는 학과 유사도 0.6 조건 미충족
대전보건대학교,반려동물과,학교 유사도 0.8 또는 학과 유사도 0.6 조건 미충족
대전보건대학교,방사선과,학교 유사도 0.8 또는 학과 유사도 0.6 조건 미충족
대전보건대학교,보건행정과,학교 유사도 0.8 또는 학과 유사도 0.6 조건 미충족
대전보건대학교,보건환경과,학교 유사도 0.8 또는 학과 유사도 0.6 조건 미충족
대전보건대학교,산업안전과,학교 유사도 0.8 또는 학과 유사도 0.6 조건 미충족
대전보건대학교,소방안전관리과,학교 유사도 0.8 또는 학과 유사도 0.6 조건 미충족
대전보건대학교,의료정보시스템과,학교 유사도 0.8 또는 학과 유사도 0.6 조건 미충족
대진대학교,교양인문학부,학교 유사도 0.8 또는 학과 유사도 0.6 조건 미충족
대진대학교,교육학과,학교 유사도 0.8 또는 학과 유사도 0.6 조건 미충족
덕성여자대학교,경영학과,학교 유사도 0.8 또는 학과 유사도 0.6 조건 미충족
덕성여자대학교,교양인문학부,학교 유사도 0.8 또는 학과 유사도 0.6 조건 미충족
덕성여자대학교,교양자연과학부,학교 유사도 0.8 또는 학과 유사도 0.6 조건 미충족
덕성여자대학교,교육학과,학교 유사도 0.8 또는 학과 유사도 0.6 조건 미충족
덕성여자대학교,국어교육과,학교 유사도 0.8 또는 학과 유사도 0.6 조건 미충족
덕성여자대학교,국어국문학과,학교 유사도 0.8 또는 학과 유사도 0.6 조건 미충족
덕성여자대학교,국제지역학과,학교 유사도 0.8 또는 학과 유사도 0.6 조건 미충족
덕성여자대학교,국제통상학과,학교 유사도 0.8 또는 학과 유사도 0.6 조건 미충족
덕성여자대학교,독어독문학과,학교 유사도 0.8 또는 학과 유사도 0.6 조건 미충족
덕성여자대학교,문헌정보학과,학교 유사도 0.8 또는 학과 유사도 0.6 조건 미충족
덕성여자대학교,문화인류학과,학교 유사도 0.8 또는 학과 유사도 0.6 조건 미충족
덕성여자대학교,생명공학과,학교 유사도 0.8 또는 학과 유사도 0.6 조건 미충족
덕성여자대학교,생화학과,학교 유사도 0.8 또는 학과 유사도 0.6 조건 미충족
덕성여자대학교,약학부,학교 유사도 0.8 또는 학과 유사도 0.6 조건 미충족
동강대학교,건설정보과,학교 유사도 0.8 또는 학과 유사도 0.6 조건 미충족
동강대학교,기계과,학교 유사도 0.8 또는 학과 유사도 0.6 조건 미충족
동강대학교,소방안전관리과,학교 유사도 0.8 또는 학과 유사도 0.6 조건 미충족
동국대학교,교양공학부,학교 유사도 0.8 또는 학과 유사도 0.6 조건 미충족
동국대학교,교양인문학부,학교 유사도 0.8 또는 학과 유사도 0.6 조건 미충족
동국대학교,산림자원학과,학교 유사도 0.8 또는 학과 유사도 0.6 조건 미충족
동국대학교,생명과학과,학교 유사도 0.8 또는 학과 유사도 0.6 조건 미충족
동국대학교,약학부,학교 유사도 0.8 또는 학과 유사도 0.6 조건 미충족
동국대학교 WISE캠퍼스,교양공학부,학교 유사도 0.8 또는 학과 유사도 0.6 조건 미충족
동국대학교 WISE캠퍼스,교양인문학부,학교 유사도 0.8 또는 학과 유사도 0.6 조건 미충족
동국대학교 WISE캠퍼스,교양자연과학부,학교 유사도 0.8 또는 학과 유사도 0.6 조건 미충족
동국대학교 WISE캠퍼스,보건관리학과,학교 유사도 0.8 또는 학과 유사도 0.6 조건 미충족
동국대학교 WISE캠퍼스,생명공학과,학교 유사도 0.8 또는 학과 유사도 0.6 조건 미충족
동국대학교 WISE캠퍼스,생명과학과,학교 유사도 0.8 또는 학과 유사도 0.6 조건 미충족
동남보건대학교,간호과,학교 유사도 0.8 또는 학과 유사도 0.6 조건 미충족
동남보건대학교,관광경영과,학교 유사도 0.8 또는 학과 유사도 0.6 조건 미충족
동남보건대학교,물리치료과,학교 유사도 0.8 또는 학과 유사도 0.6 조건 미충족
동남보건대학교,방사선과,학교 유사도 0.8 또는 학과 유사도 0.6 조건 미충족
동남보건대학교,보건환경과,학교 유사도 0.8 또는 학과 유사도 0.6 조건 미충족
동남보건대학교,응급구조과,학교 유사도 0.8 또는 학과 유사도 0.6 조건 미충족
동남보건대학교,의료보장구과,학교 유사도 0.8 또는 학과 유사도 0.6 조건 미충족
동덕여자대학교,경영학과,학교 유사도 0.8 또는 학과 유사도 0.6 조건 미충족
동덕여자대학교,경제학과,학교 유사도 0.8 또는 학과 유사도 0.6 조건 미충족
동덕여자대학교,교양사회과학부,학교 유사도 0.8 또는 학과 유사도 0.6 조건 미충족
동덕여자대학교,교양인문학부,학교 유사도 0.8 또는 학과 유사도 0.6 조건 미충족
동덕여자대학교,교양자연과학부,학교 유사도 0.8 또는 학과 유사도 0.6 조건 미충족
동덕여자대학교,국어국문학과,학교 유사도 0.8 또는 학과 유사도 0.6 조건 미충족
동덕여자대학교,국제지역학과,학교 유사도 0.8 또는 학과 유사도 0.6 조건 미충족
동덕여자대학교,독어독문학과,학교 유사도 0.8 또는 학과 유사도 0.6 조건 미충족
동덕여자대학교,문예창작학과,학교 유사도 0.8 또는 학과 유사도 0.6 조건 미충족
동덕여자대학교,문헌정보학과,학교 유사도 0.8 또는 학과 유사도 0.6 조건 미충족
동덕여자대학교,문화인류학과,학교 유사도 0.8 또는 학과 유사도 0.6 조건 미충족
동덕여자대학교,보건관리학과,학교 유사도 0.8 또는 학과 유사도 0.6 조건 미충족
동덕여자대학교,생화학과,학교 유사도 0.8 또는 학과 유사도 0.6 조건 미충족
동덕여자대학교,약학부,학교 유사도 0.8 또는 학과 유사도 0.6 조건 미충족
동명대학교,교양공학부,학교 유사도 0.8 또는 학과 유사도 0.6 조건 미충족
동명대학교,교양인문학부,학교 유사도 0.8 또는 학과 유사도 0.6 조건 미충족
동명대학교,국제문화정보학과,학교 유사도 0.8 또는 학과 유사도 0.6 조건 미충족
동서대학교,교양인문학부,학교 유사도 0.8 또는 학과 유사도 0.6 조건 미충족
동서대학교,국제관계학과,학교 유사도 0.8 또는 학과 유사도 0.6 조건 미충족
동서울대학교,게임콘텐츠과,학교 유사도 0.8 또는 학과 유사도 0.6 조건 미충족
동서울대학교,경영정보과,학교 유사도 0.8 또는 학과 유사도 0.6 조건 미충족
동서울대학교,교양과,학교 유사도 0.8 또는 학과 유사도 0.6 조건 미충족
동서울대학교,기계과,학교 유사도 0.8 또는 학과 유사도 0.6 조건 미충족
동아대학교,고고학과,학교 유사도 0.8 또는 학과 유사도 0.6 조건 미충족
동아대학교,산림자원학과,학교 유사도 0.8 또는 학과 유사도 0.6 조건 미충족
동아방송예술대학교,광고기획과,학교 유사도 0.8 또는 학과 유사도 0.6 조건 미충족
동아보건대학교,반려동물과,학교 유사도 0.8 또는 학과 유사도 0.6 조건 미충족
동아보건대학교,응급구조과,학교 유사도 0.8 또는 학과 유사도 0.6 조건 미충족
동양대학교,교양인문학부,학교 유사도 0.8 또는 학과 유사도 0.6 조건 미충족
동양미래대학교,건축과,학교 유사도 0.8 또는 학과 유사도 0.6 조건 미충족
동양미래대학교,경영정보과,학교 유사도 0.8 또는 학과 유사도 0.6 조건 미충족
동양미래대학교,관광경영과,학교 유사도 0.8 또는 학과 유사도 0.6 조건 미충족
동양미래대학교,기계과,학교 유사도 0.8 또는 학과 유사도 0.6 조건 미충족
동양미래대학교,기계설계과,학교 유사도 0.8 또는 학과 유사도 0.6 조건 미충족
동양미래대학교,바이오생명정보과,학교 유사도 0.8 또는 학과 유사도 0.6 조건 미충족
동양미래대학교,소방안전관리과,학교 유사도 0.8 또는 학과 유사도 0.6 조건 미충족
동원과학기술대학교,간호과,학교 유사도 0.8 또는 학과 유사도 0.6 조건 미충족
동원과학기술대학교,기계과,학교 유사도 0.8 또는 학과 유사도 0.6 조건 미충족
동원과학기술대학교,보건행정과,학교 유사도 0.8 또는 학과 유사도 0.6 조건 미충족
동원과학기술대학교,산업안전과,학교 유사도 0.8 또는 학과 유사도 0.6 조건 미충족
동원과학기술대학교,소방안전관리과,학교 유사도 0.8 또는 학과 유사도 0.6 조건 미충족
동원대학교,교양과,학교 유사도 0.8 또는 학과 유사도 0.6 조건 미충족
동원대학교,바이오동물과,학교 유사도 0.8 또는 학과 유사도 0.6 조건 미충족
동원대학교,보건환경과,학교 유사도 0.8 또는 학과 유사도 0.6 조건 미충족
동원대학교,소방안전관리과,학교 유사도 0.8 또는 학과 유사도 0.6 조건 미충족
동원대학교,의료보장구과,학교 유사도 0.8 또는 학과 유사도 0.6 조건 미충족
동의과학대학교,건축과,학교 유사도 0.8 또는 학과 유사도 0.6 조건 미충족
동의과학대학교,경영회계정보과,학교 유사도 0.8 또는 학과 유사도 0.6 조건 미충족
동의과학대학교,기계과,학교 유사도 0.8 또는 학과 유사도 0.6 조건 미충족
동의과학대학교,기계설계과,학교 유사도 0.8 또는 학과 유사도 0.6 조건 미충족
동의과학대학교,보건행정과,학교 유사도 0.8 또는 학과 유사도 0.6 조건 미충족
동의과학대학교,소방안전관리과,학교 유사도 0.8 또는 학과 유사도 0.6 조건 미충족
동의과학대학교,응급구조과,학교 유사도 0.8 또는 학과 유사도 0.6 조건 미충족
동의대학교,교양경상학부,학교 유사도 0.8 또는 학과 유사도 0.6 조건 미충족
동의대학교,교양공학부,학교 유사도 0.8 또는 학과 유사도 0.6 조건 미충족
동의대학교,교양인문학부,학교 유사도 0.8 또는 학과 유사도 0.6 조건 미충족
동의대학교,문예창작학과,학교 유사도 0.8 또는 학과 유사도 0.6 조건 미충족
두원공과대학교,간호과,학교 유사도 0.8 또는 학과 유사도 0.6 조건 미충족
두원공과대학교,건축과,학교 유사도 0.8 또는 학과 유사도 0.6 조건 미충족
두원공과대학교,건축설비과,학교 유사도 0.8 또는 학과 유사도 0.6 조건 미충족
두원공과대학교,게임콘텐츠과,학교 유사도 0.8 또는 학과 유사도 0.6 조건 미충족
두원공과대학교,교양과,학교 유사도 0.8 또는 학과 유사도 0.6 조건 미충족
두원공과대학교,기계과,학교 유사도 0.8 또는 학과 유사도 0.6 조건 미충족
두원공과대학교,기계설계과,학교 유사도 0.8 또는 학과 유사도 0.6 조건 미충족
두원공과대학교,문예창작과,학교 유사도 0.8 또는 학과 유사도 0.6 조건 미충족
두원공과대학교,보건행정과,학교 유사도 0.8 또는 학과 유사도 0.6 조건 미충족
두원공과대학교,소방안전관리과,학교 유사도 0.8 또는 학과 유사도 0.6 조건 미충족
두원공과대학교,응급구조과,학교 유사도 0.8 또는 학과 유사도 0.6 조건 미충족
두원공과대학교,의료정보시스템과,학교 유사도 0.8 또는 학과 유사도 0.6 조건 미충족
디지털서울문화예술대학교,건축공학과,학교 유사도 0.8 또는 학과 유사도 0.6 조건 미충족
디지털서울문화예술대학교,경영학과,학교 유사도 0.8 또는 학과 유사도 0.6 조건 미충족
디지털서울문화예술대학교,국어교육과,학교 유사도 0.8 또는 학과 유사도 0.6 조건 미충족
디지털서울문화예술대학교,동물자원학과,학교 유사도 0.8 또는 학과 유사도 0.6 조건 미충족
루터대학교,교양인문학부,학교 유사도 0.8 또는 학과 유사도 0.6 조건 미충족
마산대학교,기계과,학교 유사도 0.8 또는 학과 유사도 0.6 조건 미충족
마산대학교,방사선과,학교 유사도 0.8 또는 학과 유사도 0.6 조건 미충족
마산대학교,보건행정과,학교 유사도 0.8 또는 학과 유사도 0.6 조건 미충족
마산대학교,언어재활과,학교 유사도 0.8 또는 학과 유사도 0.6 조건 미충족
마산대학교,응급구조과,학교 유사도 0.8 또는 학과 유사도 0.6 조건 미충족
마산대학교,의료정보시스템과,학교 유사도 0.8 또는 학과 유사도 0.6 조건 미충족
명지대학교 인문캠퍼스,경영정보학과,학교 유사도 0.8 또는 학과 유사도 0.6 조건 미충족
명지대학교 인문캠퍼스,경영학과,학교 유사도 0.8 또는 학과 유사도 0.6 조건 미충족
명지대학교 인문캠퍼스,경제학과,학교 유사도 0.8 또는 학과 유사도 0.6 조건 미충족
명지대학교 인문캠퍼스,교양사회과학부,학교 유사도 0.8 또는 학과 유사도 0.6 조건 미충족
명지대학교 인문캠퍼스,교양인문학부,학교 유사도 0.8 또는 학과 유사도 0.6 조건 미충족
명지대학교 인문캠퍼스,국어국문학과,학교 유사도 0.8 또는 학과 유사도 0.6 조건 미충족
명지대학교 인문캠퍼스,국제지역학과,학교 유사도 0.8 또는 학과 유사도 0.6 조건 미충족
명지대학교 인문캠퍼스,국제통상학과,학교 유사도 0.8 또는 학과 유사도 0.6 조건 미충족
명지대학교 인문캠퍼스,문예창작학과,학교 유사도 0.8 또는 학과 유사도 0.6 조건 미충족
명지대학교 인문캠퍼스,문헌정보학과,학교 유사도 0.8 또는 학과 유사도 0.6 조건 미충족
명지대학교 자연캠퍼스,건축학과,학교 유사도 0.8 또는 학과 유사도 0.6 조건 미충족
명지대학교 자연캠퍼스,교양공학부,학교 유사도 0.8 또는 학과 유사도 0.6 조건 미충족
명지대학교 자연캠퍼스,교양인문학부,학교 유사도 0.8 또는 학과 유사도 0.6 조건 미충족
명지대학교 자연캠퍼스,교양자연과학부,학교 유사도 0.8 또는 학과 유사도 0.6 조건 미충족
명지대학교 자연캠퍼스,교통공학과,학교 유사도 0.8 또는 학과 유사도 0.6 조건 미충족
명지대학교 자연캠퍼스,국제학부,학교 유사도 0.8 또는 학과 유사도 0.6 조건 미충족
명지대학교 자연캠퍼스,기계공학과,학교 유사도 0.8 또는 학과 유사도 0.6 조건 미충족
명지대학교 자연캠퍼스,물리학과,학교 유사도 0.8 또는 학과 유사도 0.6 조건 미충족
명지대학교 자연캠퍼스,생명과학과,학교 유사도 0.8 또는 학과 유사도 0.6 조건 미충족
명지전문대학,경영정보과,학교 유사도 0.8 또는 학과 유사도 0.6 조건 미충족
명지전문대학,기계과,학교 유사도 0.8 또는 학과 유사도 0.6 조건 미충족
명지전문대학,문예창작과,학교 유사도 0.8 또는 학과 유사도 0.6 조건 미충족
명지전문대학,문헌정보과,학교 유사도 0.8 또는 학과 유사도 0.6 조건 미충족
명지전문대학,의료정보시스템과,학교 유사도 0.8 또는 학과 유사도 0.6 조건 미충족
목원대학교,고고학과,학교 유사도 0.8 또는 학과 유사도 0.6 조건 미충족
목포과학대학교,건축설비과,학교 유사도 0.8 또는 학과 유사도 0.6 조건 미충족
목포과학대학교,관광경영과,학교 유사도 0.8 또는 학과 유사도 0.6 조건 미충족
목포과학대학교,물리치료과,학교 유사도 0.8 또는 학과 유사도 0.6 조건 미충족
목포과학대학교,방사선과,학교 유사도 0.8 또는 학과 유사도 0.6 조건 미충족
목포과학대학교,보건행정과,학교 유사도 0.8 또는 학과 유사도 0.6 조건 미충족
문경대학교,경영정보과,학교 유사도 0.8 또는 학과 유사도 0.6 조건 미충족
배재대학교,교양사회과학부,학교 유사도 0.8 또는 학과 유사도 0.6 조건 미충족
배재대학교,교양인문학부,학교 유사도 0.8 또는 학과 유사도 0.6 조건 미충족
배재대학교,국제통상학과,학교 유사도 0.8 또는 학과 유사도 0.6 조건 미충족
배재대학교,러시아학과,학교 유사도 0.8 또는 학과 유사도 0.6 조건 미충족
배재대학교,보건관리학과,학교 유사도 0.8 또는 학과 유사도 0.6 조건 미충족
배화여자대학교,경영정보과,학교 유사도 0.8 또는 학과 유사도 0.6 조건 미충족
배화여자대학교,관광경영과,학교 유사도 0.8 또는 학과 유사도 0.6 조건 미충족
배화여자대학교,보건행정과,학교 유사도 0.8 또는 학과 유사도 0.6 조건 미충족
백석문화대학교,경영정보과,학교 유사도 0.8 또는 학과 유사도 0.6 조건 미충족
백석문화대학교,경영회계정보과,학교 유사도 0.8 또는 학과 유사도 0.6 조건 미충족
백석문화대학교,경찰행정과,학교 유사도 0.8 또는 학과 유사도 0.6 조건 미충족
백석문화대학교,관광경영과,학교 유사도 0.8 또는 학과 유사도 0.6 조건 미충족
백석문화대학교,교양과,학교 유사도 0.8 또는 학과 유사도 0.6 조건 미충족
백석문화대학교,방사선과,학교 유사도 0.8 또는 학과 유사도 0.6 조건 미충족
백석문화대학교,보건행정과,학교 유사도 0.8 또는 학과 유사도 0.6 조건 미충족
백석예술대학교,경영정보과,학교 유사도 0.8 또는 학과 유사도 0.6 조건 미충족
백석예술대학교,경찰행정과,학교 유사도 0.8 또는 학과 유사도 0.6 조건 미충족
백석예술대학교,관광경영과,학교 유사도 0.8 또는 학과 유사도 0.6 조건 미충족
백석예술대학교,관광통역과,학교 유사도 0.8 또는 학과 유사도 0.6 조건 미충족
백석예술대학교,교양과,학교 유사도 0.8 또는 학과 유사도 0.6 조건 미충족
백제예술대학교,교양과,학교 유사도 0.8 또는 학과 유사도 0.6 조건 미충족
부산가톨릭대학교,교양공학부,학교 유사도 0.8 또는 학과 유사도 0.6 조건 미충족
부산가톨릭대학교,교양인문학부,학교 유사도 0.8 또는 학과 유사도 0.6 조건 미충족
부산경상대학교,경영정보과,학교 유사도 0.8 또는 학과 유사도 0.6 조건 미충족
부산경상대학교,경찰행정과,학교 유사도 0.8 또는 학과 유사도 0.6 조건 미충족
부산경상대학교,교양과,학교 유사도 0.8 또는 학과 유사도 0.6 조건 미충족
부산경상대학교,농수산과,학교 유사도 0.8 또는 학과 유사도 0.6 조건 미충족
부산경상대학교,반려동물과,학교 유사도 0.8 또는 학과 유사도 0.6 조건 미충족
부산경상대학교,소방안전관리과,학교 유사도 0.8 또는 학과 유사도 0.6 조건 미충족
부산과학기술대학교,간호과,학교 유사도 0.8 또는 학과 유사도 0.6 조건 미충족
부산과학기술대학교,건축과,학교 유사도 0.8 또는 학과 유사도 0.6 조건 미충족
부산과학기술대학교,경영정보과,학교 유사도 0.8 또는 학과 유사도 0.6 조건 미충족
부산과학기술대학교,경찰행정과,학교 유사도 0.8 또는 학과 유사도 0.6 조건 미충족
부산과학기술대학교,교양과,학교 유사도 0.8 또는 학과 유사도 0.6 조건 미충족
부산과학기술대학교,기계과,학교 유사도 0.8 또는 학과 유사도 0.6 조건 미충족
부산과학기술대학교,반려동물과,학교 유사도 0.8 또는 학과 유사도 0.6 조건 미충족
부산과학기술대학교,보건행정과,학교 유사도 0.8 또는 학과 유사도 0.6 조건 미충족
부산과학기술대학교,생활문화과,학교 유사도 0.8 또는 학과 유사도 0.6 조건 미충족
부산과학기술대학교,소방안전관리과,학교 유사도 0.8 또는 학과 유사도 0.6 조건 미충족
부산교육대학교,미술교육과,학교 유사도 0.8 또는 학과 유사도 0.6 조건 미충족
부산대학교,교양인문학부,학교 유사도 0.8 또는 학과 유사도 0.6 조건 미충족
부산대학교,교양자연과학부,학교 유사도 0.8 또는 학과 유사도 0.6 조건 미충족
부산대학교,약학부,학교 유사도 0.8 또는 학과 유사도 0.6 조건 미충족
부산디지털대학교,경영학과,학교 유사도 0.8 또는 학과 유사도 0.6 조건 미충족
부산디지털대학교,교양사회과학부,학교 유사도 0.8 또는 학과 유사도 0.6 조건 미충족
부산디지털대학교,교양인문학부,학교 유사도 0.8 또는 학과 유사도 0.6 조건 미충족
부산보건대학교,물리치료과,학교 유사도 0.8 또는 학과 유사도 0.6 조건 미충족
부산보건대학교,반려동물과,학교 유사도 0.8 또는 학과 유사도 0.6 조건 미충족
부산보건대학교,응급구조과,학교 유사도 0.8 또는 학과 유사도 0.6 조건 미충족
부산보건대학교,의료보장구과,학교 유사도 0.8 또는 학과 유사도 0.6 조건 미충족
부산여자대학교,바이오동물과,학교 유사도 0.8 또는 학과 유사도 0.6 조건 미충족
부산여자대학교,반려동물과,학교 유사도 0.8 또는 학과 유사도 0.6 조건 미충족
부산여자대학교,보건행정과,학교 유사도 0.8 또는 학과 유사도 0.6 조건 미충족
부산예술대학교,예술치료과,학교 유사도 0.8 또는 학과 유사도 0.6 조건 미충족
부산외국어대학교,경영학과,학교 유사도 0.8 또는 학과 유사도 0.6 조건 미충족
부산외국어대학교,경제학과,학교 유사도 0.8 또는 학과 유사도 0.6 조건 미충족
부산외국어대학교,경찰행정학과,학교 유사도 0.8 또는 학과 유사도 0.6 조건 미충족
부산외국어대학교,관광경영학과,학교 유사도 0.8 또는 학과 유사도 0.6 조건 미충족
부산외국어대학교,교양사회과학부,학교 유사도 0.8 또는 학과 유사도 0.6 조건 미충족
부산외국어대학교,교양인문학부,학교 유사도 0.8 또는 학과 유사도 0.6 조건 미충족
부산외국어대학교,국어교육과,학교 유사도 0.8 또는 학과 유사도 0.6 조건 미충족
부산외국어대학교,국어국문학과,학교 유사도 0.8 또는 학과 유사도 0.6 조건 미충족
부산외국어대학교,국제문화정보학과,학교 유사도 0.8 또는 학과 유사도 0.6 조건 미충족
부산외국어대학교,국제지역학과,학교 유사도 0.8 또는 학과 유사도 0.6 조건 미충족
부산외국어대학교,국제통상학과,학교 유사도 0.8 또는 학과 유사도 0.6 조건 미충족
부산외국어대학교,국제학부,학교 유사도 0.8 또는 학과 유사도 0.6 조건 미충족
부산외국어대학교,기타아시아어학과,학교 유사도 0.8 또는 학과 유사도 0.6 조건 미충족
부산외국어대학교,기타유럽어학과,학교 유사도 0.8 또는 학과 유사도 0.6 조건 미충족
부산외국어대학교,독어독문학과,학교 유사도 0.8 또는 학과 유사도 0.6 조건 미충족
부산외국어대학교,러시아어문학과,학교 유사도 0.8 또는 학과 유사도 0.6 조건 미충족
부산외국어대학교,러시아학과,학교 유사도 0.8 또는 학과 유사도 0.6 조건 미충족
부천대학교,게임콘텐츠과,학교 유사도 0.8 또는 학과 유사도 0.6 조건 미충족
부천대학교,경영정보과,학교 유사도 0.8 또는 학과 유사도 0.6 조건 미충족
부천대학교,반려동물과,학교 유사도 0.8 또는 학과 유사도 0.6 조건 미충족
사이버한국외국어대학교,경영학과,학교 유사도 0.8 또는 학과 유사도 0.6 조건 미충족
사이버한국외국어대학교,교양인문학부,학교 유사도 0.8 또는 학과 유사도 0.6 조건 미충족
사이버한국외국어대학교,기타아시아어학과,학교 유사도 0.8 또는 학과 유사도 0.6 조건 미충족
삼육대학교,간호학과,학교 유사도 0.8 또는 학과 유사도 0.6 조건 미충족
삼육대학교,건축학과,학교 유사도 0.8 또는 학과 유사도 0.6 조건 미충족
삼육대학교,경영정보학과,학교 유사도 0.8 또는 학과 유사도 0.6 조건 미충족
삼육대학교,경영학과,학교 유사도 0.8 또는 학과 유사도 0.6 조건 미충족
삼육대학교,교양인문학부,학교 유사도 0.8 또는 학과 유사도 0.6 조건 미충족
삼육대학교,국제지역학과,학교 유사도 0.8 또는 학과 유사도 0.6 조건 미충족
삼육대학교,동물자원학과,학교 유사도 0.8 또는 학과 유사도 0.6 조건 미충족
삼육대학교,물리치료학과,학교 유사도 0.8 또는 학과 유사도 0.6 조건 미충족
삼육대학교,보건관리학과,학교 유사도 0.8 또는 학과 유사도 0.6 조건 미충족
삼육대학교,생명과학과,학교 유사도 0.8 또는 학과 유사도 0.6 조건 미충족
삼육대학교,약학부,학교 유사도 0.8 또는 학과 유사도 0.6 조건 미충족
삼육보건대학교,간호과,학교 유사도 0.8 또는 학과 유사도 0.6 조건 미충족
삼육보건대학교,의료정보시스템과,학교 유사도 0.8 또는 학과 유사도 0.6 조건 미충족
상명대학교,고고학과,학교 유사도 0.8 또는 학과 유사도 0.6 조건 미충족
상명대학교,교양인문학부,학교 유사도 0.8 또는 학과 유사도 0.6 조건 미충족
상명대학교,교양자연과학부,학교 유사도 0.8 또는 학과 유사도 0.6 조건 미충족
상명대학교,국제지역학과,학교 유사도 0.8 또는 학과 유사도 0.6 조건 미충족
상명대학교,독어독문학과,학교 유사도 0.8 또는 학과 유사도 0.6 조건 미충족
상명대학교,러시아어문학과,학교 유사도 0.8 또는 학과 유사도 0.6 조건 미충족
상명대학교,러시아학과,학교 유사도 0.8 또는 학과 유사도 0.6 조건 미충족
상명대학교,수학교육과,학교 유사도 0.8 또는 학과 유사도 0.6 조건 미충족
상지대학교,광고홍보학과,학교 유사도 0.8 또는 학과 유사도 0.6 조건 미충족
상지대학교,교양경상학부,학교 유사도 0.8 또는 학과 유사도 0.6 조건 미충족
상지대학교,교양인문학부,학교 유사도 0.8 또는 학과 유사도 0.6 조건 미충족
상지대학교,국어교육과,학교 유사도 0.8 또는 학과 유사도 0.6 조건 미충족
상지대학교,국어국문학과,학교 유사도 0.8 또는 학과 유사도 0.6 조건 미충족
상지대학교,보건관리학과,학교 유사도 0.8 또는 학과 유사도 0.6 조건 미충족
서강대학교,경제학과,학교 유사도 0.8 또는 학과 유사도 0.6 조건 미충족
서강대학교,교양사회과학부,학교 유사도 0.8 또는 학과 유사도 0.6 조건 미충족
서강대학교,국어국문학과,학교 유사도 0.8 또는 학과 유사도 0.6 조건 미충족
서강대학교,국제문화정보학과,학교 유사도 0.8 또는 학과 유사도 0.6 조건 미충족
서강대학교,국제학부,학교 유사도 0.8 또는 학과 유사도 0.6 조건 미충족
서강대학교,독어독문학과,학교 유사도 0.8 또는 학과 유사도 0.6 조건 미충족
서경대학교,교양사회과학부,학교 유사도 0.8 또는 학과 유사도 0.6 조건 미충족
서경대학교,교양인문학부,학교 유사도 0.8 또는 학과 유사도 0.6 조건 미충족
서라벌대학교,간호과,학교 유사도 0.8 또는 학과 유사도 0.6 조건 미충족
서라벌대학교,경찰행정과,학교 유사도 0.8 또는 학과 유사도 0.6 조건 미충족
서라벌대학교,관광경영과,학교 유사도 0.8 또는 학과 유사도 0.6 조건 미충족
서라벌대학교,기계과,학교 유사도 0.8 또는 학과 유사도 0.6 조건 미충족
서라벌대학교,방사선과,학교 유사도 0.8 또는 학과 유사도 0.6 조건 미충족
서영대학교,경영정보과,학교 유사도 0.8 또는 학과 유사도 0.6 조건 미충족
서영대학교,관광경영과,학교 유사도 0.8 또는 학과 유사도 0.6 조건 미충족
서영대학교,기계과,학교 유사도 0.8 또는 학과 유사도 0.6 조건 미충족
서영대학교,소방안전관리과,학교 유사도 0.8 또는 학과 유사도 0.6 조건 미충족
서울과학기술대학교,건축공학과,학교 유사도 0.8 또는 학과 유사도 0.6 조건 미충족
서울과학기술대학교,건축학과,학교 유사도 0.8 또는 학과 유사도 0.6 조건 미충족
서울과학기술대학교,경영학과,학교 유사도 0.8 또는 학과 유사도 0.6 조건 미충족
서울과학기술대학교,광학공학과,학교 유사도 0.8 또는 학과 유사도 0.6 조건 미충족
서울과학기술대학교,교양공학부,학교 유사도 0.8 또는 학과 유사도 0.6 조건 미충족
서울과학기술대학교,교양인문학부,학교 유사도 0.8 또는 학과 유사도 0.6 조건 미충족
서울과학기술대학교,교양자연과학부,학교 유사도 0.8 또는 학과 유사도 0.6 조건 미충족
서울과학기술대학교,국어국문학과,학교 유사도 0.8 또는 학과 유사도 0.6 조건 미충족
서울과학기술대학교,기계공학과,학교 유사도 0.8 또는 학과 유사도 0.6 조건 미충족
서울과학기술대학교,기계설계공학과,학교 유사도 0.8 또는 학과 유사도 0.6 조건 미충족
서울과학기술대학교,문예창작학과,학교 유사도 0.8 또는 학과 유사도 0.6 조건 미충족
서울기독대학교,경영정보학과,학교 유사도 0.8 또는 학과 유사도 0.6 조건 미충족
서울기독대학교,경영학과,학교 유사도 0.8 또는 학과 유사도 0.6 조건 미충족
서울기독대학교,교양사회과학부,학교 유사도 0.8 또는 학과 유사도 0.6 조건 미충족
서울기독대학교,기독교학과,학교 유사도 0.8 또는 학과 유사도 0.6 조건 미충족
서울대학교,교양공학부,학교 유사도 0.8 또는 학과 유사도 0.6 조건 미충족
서울대학교,교양인문학부,학교 유사도 0.8 또는 학과 유사도 0.6 조건 미충족
서울대학교,기타아시아어학과,학교 유사도 0.8 또는 학과 유사도 0.6 조건 미충족
서울대학교,독일어교육과,학교 유사도 0.8 또는 학과 유사도 0.6 조건 미충족
서울대학교,문화인류학과,학교 유사도 0.8 또는 학과 유사도 0.6 조건 미충족
서울대학교,산림자원학과,학교 유사도 0.8 또는 학과 유사도 0.6 조건 미충족
서울대학교,약학부,학교 유사도 0.8 또는 학과 유사도 0.6 조건 미충족
서울디지털대학교,경영학과,학교 유사도 0.8 또는 학과 유사도 0.6 조건 미충족
서울디지털대학교,경찰행정학과,학교 유사도 0.8 또는 학과 유사도 0.6 조건 미충족
서울디지털대학교,교양인문학부,학교 유사도 0.8 또는 학과 유사도 0.6 조건 미충족
서울디지털대학교,교육학과,학교 유사도 0.8 또는 학과 유사도 0.6 조건 미충족
서울디지털대학교,국제지역학과,학교 유사도 0.8 또는 학과 유사도 0.6 조건 미충족
서울디지털대학교,국제학부,학교 유사도 0.8 또는 학과 유사도 0.6 조건 미충족
서울디지털대학교,문예창작학과,학교 유사도 0.8 또는 학과 유사도 0.6 조건 미충족
서울디지털대학교,보건관리학과,학교 유사도 0.8 또는 학과 유사도 0.6 조건 미충족
서울디지털대학교,예술치료학과,학교 유사도 0.8 또는 학과 유사도 0.6 조건 미충족
서울사이버대학교,건축학과,학교 유사도 0.8 또는 학과 유사도 0.6 조건 미충족
서울사이버대학교,경영정보학과,학교 유사도 0.8 또는 학과 유사도 0.6 조건 미충족
서울사이버대학교,경영학과,학교 유사도 0.8 또는 학과 유사도 0.6 조건 미충족
서울사이버대학교,광고홍보학과,학교 유사도 0.8 또는 학과 유사도 0.6 조건 미충족
서울사이버대학교,교양사회과학부,학교 유사도 0.8 또는 학과 유사도 0.6 조건 미충족
서울사이버대학교,교양인문학부,학교 유사도 0.8 또는 학과 유사도 0.6 조건 미충족
서울사이버대학교,국방기술학과,학교 유사도 0.8 또는 학과 유사도 0.6 조건 미충족
서울사이버대학교,국어국문학과,학교 유사도 0.8 또는 학과 유사도 0.6 조건 미충족
서울사이버대학교,군사학과,학교 유사도 0.8 또는 학과 유사도 0.6 조건 미충족
서울사이버대학교,기계공학과,학교 유사도 0.8 또는 학과 유사도 0.6 조건 미충족
서울사이버대학교,농공학과,학교 유사도 0.8 또는 학과 유사도 0.6 조건 미충족
서울사이버대학교,문예창작학과,학교 유사도 0.8 또는 학과 유사도 0.6 조건 미충족
서울사이버대학교,예술치료학과,학교 유사도 0.8 또는 학과 유사도 0.6 조건 미충족
서울시립대학교,건축공학과,학교 유사도 0.8 또는 학과 유사도 0.6 조건 미충족
서울시립대학교,건축학과,학교 유사도 0.8 또는 학과 유사도 0.6 조건 미충족
서울시립대학교,경영학과,학교 유사도 0.8 또는 학과 유사도 0.6 조건 미충족
서울시립대학교,경제학과,학교 유사도 0.8 또는 학과 유사도 0.6 조건 미충족
서울시립대학교,교양인문학부,학교 유사도 0.8 또는 학과 유사도 0.6 조건 미충족
서울시립대학교,교통공학과,학교 유사도 0.8 또는 학과 유사도 0.6 조건 미충족
서울시립대학교,국어국문학과,학교 유사도 0.8 또는 학과 유사도 0.6 조건 미충족
서울시립대학교,국제관계학과,학교 유사도 0.8 또는 학과 유사도 0.6 조건 미충족
서울시립대학교,기계공학과,학교 유사도 0.8 또는 학과 유사도 0.6 조건 미충족
서울시립대학교,물리학과,학교 유사도 0.8 또는 학과 유사도 0.6 조건 미충족
서울시립대학교,생명과학과,학교 유사도 0.8 또는 학과 유사도 0.6 조건 미충족
서울신학대학교,교양인문학부,학교 유사도 0.8 또는 학과 유사도 0.6 조건 미충족
서울신학대학교,기타아시아어학과,학교 유사도 0.8 또는 학과 유사도 0.6 조건 미충족
서울여자간호대학교,간호과,학교 유사도 0.8 또는 학과 유사도 0.6 조건 미충족
서울여자대학교,교양공학부,학교 유사도 0.8 또는 학과 유사도 0.6 조건 미충족
서울여자대학교,교양사회과학부,학교 유사도 0.8 또는 학과 유사도 0.6 조건 미충족
서울여자대학교,교양인문학부,학교 유사도 0.8 또는 학과 유사도 0.6 조건 미충족
서울여자대학교,교양자연과학부,학교 유사도 0.8 또는 학과 유사도 0.6 조건 미충족
서울여자대학교,교육학과,학교 유사도 0.8 또는 학과 유사도 0.6 조건 미충족
서울여자대학교,국제학부,학교 유사도 0.8 또는 학과 유사도 0.6 조건 미충족
서울여자대학교,기독교학과,학교 유사도 0.8 또는 학과 유사도 0.6 조건 미충족
서울여자대학교,농공학과,학교 유사도 0.8 또는 학과 유사도 0.6 조건 미충족
서울여자대학교,독어독문학과,학교 유사도 0.8 또는 학과 유사도 0.6 조건 미충족
서울여자대학교,독일학과,학교 유사도 0.8 또는 학과 유사도 0.6 조건 미충족
서울여자대학교,생명과학과,학교 유사도 0.8 또는 학과 유사도 0.6 조건 미충족
서울예술대학교,문예창작과,학교 유사도 0.8 또는 학과 유사도 0.6 조건 미충족
서울한영대학교,기독교학과,학교 유사도 0.8 또는 학과 유사도 0.6 조건 미충족
서원대학교,교양공학부,학교 유사도 0.8 또는 학과 유사도 0.6 조건 미충족
서원대학교,국제학부,학교 유사도 0.8 또는 학과 유사도 0.6 조건 미충족
서원대학교,독어독문학과,학교 유사도 0.8 또는 학과 유사도 0.6 조건 미충족
서일대학교,경영회계정보과,학교 유사도 0.8 또는 학과 유사도 0.6 조건 미충족
서일대학교,바이오생명정보과,학교 유사도 0.8 또는 학과 유사도 0.6 조건 미충족
서정대학교,게임콘텐츠과,학교 유사도 0.8 또는 학과 유사도 0.6 조건 미충족
서정대학교,경영정보과,학교 유사도 0.8 또는 학과 유사도 0.6 조건 미충족
서정대학교,교양과,학교 유사도 0.8 또는 학과 유사도 0.6 조건 미충족
서정대학교,바이오동물과,학교 유사도 0.8 또는 학과 유사도 0.6 조건 미충족
서정대학교,반려동물과,학교 유사도 0.8 또는 학과 유사도 0.6 조건 미충족
서정대학교,소방안전관리과,학교 유사도 0.8 또는 학과 유사도 0.6 조건 미충족
서정대학교,의료정보시스템과,학교 유사도 0.8 또는 학과 유사도 0.6 조건 미충족
선린대학교,건축과,학교 유사도 0.8 또는 학과 유사도 0.6 조건 미충족
선린대학교,국방기술과,학교 유사도 0.8 또는 학과 유사도 0.6 조건 미충족
선린대학교,기계과,학교 유사도 0.8 또는 학과 유사도 0.6 조건 미충족
선린대학교,기계설계과,학교 유사도 0.8 또는 학과 유사도 0.6 조건 미충족
선린대학교,반려동물과,학교 유사도 0.8 또는 학과 유사도 0.6 조건 미충족
선린대학교,방사선과,학교 유사도 0.8 또는 학과 유사도 0.6 조건 미충족
선린대학교,보건행정과,학교 유사도 0.8 또는 학과 유사도 0.6 조건 미충족
선린대학교,산업안전과,학교 유사도 0.8 또는 학과 유사도 0.6 조건 미충족
선문대학교,경영학과,학교 유사도 0.8 또는 학과 유사도 0.6 조건 미충족
선문대학교,관광경영학과,학교 유사도 0.8 또는 학과 유사도 0.6 조건 미충족
선문대학교,교양경상학부,학교 유사도 0.8 또는 학과 유사도 0.6 조건 미충족
선문대학교,교양공학부,학교 유사도 0.8 또는 학과 유사도 0.6 조건 미충족
선문대학교,교양사회과학부,학교 유사도 0.8 또는 학과 유사도 0.6 조건 미충족
선문대학교,교양인문학부,학교 유사도 0.8 또는 학과 유사도 0.6 조건 미충족
선문대학교,국어국문학과,학교 유사도 0.8 또는 학과 유사도 0.6 조건 미충족
선문대학교,국제관계학과,학교 유사도 0.8 또는 학과 유사도 0.6 조건 미충족
선문대학교,국제지역학과,학교 유사도 0.8 또는 학과 유사도 0.6 조건 미충족
선문대학교,국제통상학과,학교 유사도 0.8 또는 학과 유사도 0.6 조건 미충족
선문대학교,국제학부,학교 유사도 0.8 또는 학과 유사도 0.6 조건 미충족
선문대학교,러시아어문학과,학교 유사도 0.8 또는 학과 유사도 0.6 조건 미충족
선문대학교,수산학과,학교 유사도 0.8 또는 학과 유사도 0.6 조건 미충족
성결대학교,교양인문학부,학교 유사도 0.8 또는 학과 유사도 0.6 조건 미충족
성결대학교,교양자연과학부,학교 유사도 0.8 또는 학과 유사도 0.6 조건 미충족
성결대학교,국제학부,학교 유사도 0.8 또는 학과 유사도 0.6 조건 미충족
성공회대학교,경제학과,학교 유사도 0.8 또는 학과 유사도 0.6 조건 미충족
성공회대학교,교양인문학부,학교 유사도 0.8 또는 학과 유사도 0.6 조건 미충족
성공회대학교,국제학부,학교 유사도 0.8 또는 학과 유사도 0.6 조건 미충족
성공회대학교,기독교학과,학교 유사도 0.8 또는 학과 유사도 0.6 조건 미충족
성공회대학교,기타유럽어학과,학교 유사도 0.8 또는 학과 유사도 0.6 조건 미충족
성균관대학교,건축공학과,학교 유사도 0.8 또는 학과 유사도 0.6 조건 미충족
성균관대학교,건축학과,학교 유사도 0.8 또는 학과 유사도 0.6 조건 미충족
성균관대학교,경영학과,학교 유사도 0.8 또는 학과 유사도 0.6 조건 미충족
성균관대학교,경제학과,학교 유사도 0.8 또는 학과 유사도 0.6 조건 미충족
성균관대학교,교양공학부,학교 유사도 0.8 또는 학과 유사도 0.6 조건 미충족
성균관대학교,교양사회과학부,학교 유사도 0.8 또는 학과 유사도 0.6 조건 미충족
성균관대학교,교양인문학부,학교 유사도 0.8 또는 학과 유사도 0.6 조건 미충족
성균관대학교,교양자연과학부,학교 유사도 0.8 또는 학과 유사도 0.6 조건 미충족
성균관대학교,교육학과,학교 유사도 0.8 또는 학과 유사도 0.6 조건 미충족
성균관대학교,국어국문학과,학교 유사도 0.8 또는 학과 유사도 0.6 조건 미충족
성균관대학교,기계공학과,학교 유사도 0.8 또는 학과 유사도 0.6 조건 미충족
성균관대학교,독어독문학과,학교 유사도 0.8 또는 학과 유사도 0.6 조건 미충족
성균관대학교,러시아어문학과,학교 유사도 0.8 또는 학과 유사도 0.6 조건 미충족
성균관대학교,문헌정보학과,학교 유사도 0.8 또는 학과 유사도 0.6 조건 미충족
성균관대학교,물리학과,학교 유사도 0.8 또는 학과 유사도 0.6 조건 미충족
성균관대학교,생명공학과,학교 유사도 0.8 또는 학과 유사도 0.6 조건 미충족
성균관대학교,생명과학과,학교 유사도 0.8 또는 학과 유사도 0.6 조건 미충족
성균관대학교,수학교육과,학교 유사도 0.8 또는 학과 유사도 0.6 조건 미충족
성균관대학교,약학부,학교 유사도 0.8 또는 학과 유사도 0.6 조건 미충족
성신여자대학교,가정교육과,학교 유사도 0.8 또는 학과 유사도 0.6 조건 미충족
성신여자대학교,간호학과,학교 유사도 0.8 또는 학과 유사도 0.6 조건 미충족
성신여자대학교,경영학과,학교 유사도 0.8 또는 학과 유사도 0.6 조건 미충족
성신여자대학교,경제학과,학교 유사도 0.8 또는 학과 유사도 0.6 조건 미충족
성신여자대학교,교양공학부,학교 유사도 0.8 또는 학과 유사도 0.6 조건 미충족
성신여자대학교,교양사회과학부,학교 유사도 0.8 또는 학과 유사도 0.6 조건 미충족
성신여자대학교,교양인문학부,학교 유사도 0.8 또는 학과 유사도 0.6 조건 미충족
성신여자대학교,교육학과,학교 유사도 0.8 또는 학과 유사도 0.6 조건 미충족
성신여자대학교,국어국문학과,학교 유사도 0.8 또는 학과 유사도 0.6 조건 미충족
성신여자대학교,독어독문학과,학교 유사도 0.8 또는 학과 유사도 0.6 조건 미충족
성신여자대학교,사회교육과,학교 유사도 0.8 또는 학과 유사도 0.6 조건 미충족
성신여자대학교,생명공학과,학교 유사도 0.8 또는 학과 유사도 0.6 조건 미충족
성신여자대학교,생명과학과,학교 유사도 0.8 또는 학과 유사도 0.6 조건 미충족
성신여자대학교,생물학과,학교 유사도 0.8 또는 학과 유사도 0.6 조건 미충족
성운대학교,농수산과,학교 유사도 0.8 또는 학과 유사도 0.6 조건 미충족
세경대학교,건설정보과,학교 유사도 0.8 또는 학과 유사도 0.6 조건 미충족
세경대학교,농수산과,학교 유사도 0.8 또는 학과 유사도 0.6 조건 미충족
세경대학교,소방안전관리과,학교 유사도 0.8 또는 학과 유사도 0.6 조건 미충족
세경대학교,예술치료과,학교 유사도 0.8 또는 학과 유사도 0.6 조건 미충족
세경대학교,의료정보시스템과,학교 유사도 0.8 또는 학과 유사도 0.6 조건 미충족
세계사이버대학,교양과,학교 유사도 0.8 또는 학과 유사도 0.6 조건 미충족
세명대학교,교양사회과학부,학교 유사도 0.8 또는 학과 유사도 0.6 조건 미충족
세종대학교,경제학과,학교 유사도 0.8 또는 학과 유사도 0.6 조건 미충족
세종대학교,고고학과,학교 유사도 0.8 또는 학과 유사도 0.6 조건 미충족
세종대학교,광학공학과,학교 유사도 0.8 또는 학과 유사도 0.6 조건 미충족
세종대학교,교양경상학부,학교 유사도 0.8 또는 학과 유사도 0.6 조건 미충족
세종대학교,교양공학부,학교 유사도 0.8 또는 학과 유사도 0.6 조건 미충족
세종대학교,교양사회과학부,학교 유사도 0.8 또는 학과 유사도 0.6 조건 미충족
세종대학교,교양인문학부,학교 유사도 0.8 또는 학과 유사도 0.6 조건 미충족
세종대학교,교양자연과학부,학교 유사도 0.8 또는 학과 유사도 0.6 조건 미충족
세종대학교,교육학과,학교 유사도 0.8 또는 학과 유사도 0.6 조건 미충족
세종대학교,국방기술학과,학교 유사도 0.8 또는 학과 유사도 0.6 조건 미충족
세종대학교,국어국문학과,학교 유사도 0.8 또는 학과 유사도 0.6 조건 미충족
세종대학교,국제통상학과,학교 유사도 0.8 또는 학과 유사도 0.6 조건 미충족
세종대학교,국제학부,학교 유사도 0.8 또는 학과 유사도 0.6 조건 미충족
세종대학교,기계공학과,학교 유사도 0.8 또는 학과 유사도 0.6 조건 미충족
세종대학교,문화인류학과,학교 유사도 0.8 또는 학과 유사도 0.6 조건 미충족
세종대학교,생명공학과,학교 유사도 0.8 또는 학과 유사도 0.6 조건 미충족
세종대학교,생명과학과,학교 유사도 0.8 또는 학과 유사도 0.6 조건 미충족
세종사이버대학교,경영학과,학교 유사도 0.8 또는 학과 유사도 0.6 조건 미충족
세종사이버대학교,경찰행정학과,학교 유사도 0.8 또는 학과 유사도 0.6 조건 미충족
세종사이버대학교,광고홍보학과,학교 유사도 0.8 또는 학과 유사도 0.6 조건 미충족
세종사이버대학교,교양사회과학부,학교 유사도 0.8 또는 학과 유사도 0.6 조건 미충족
세종사이버대학교,문예창작학과,학교 유사도 0.8 또는 학과 유사도 0.6 조건 미충족
세종사이버대학교,예술치료학과,학교 유사도 0.8 또는 학과 유사도 0.6 조건 미충족
송곡대학교,농수산과,학교 유사도 0.8 또는 학과 유사도 0.6 조건 미충족
송곡대학교,보건행정과,학교 유사도 0.8 또는 학과 유사도 0.6 조건 미충족
송곡대학교,의료정보시스템과,학교 유사도 0.8 또는 학과 유사도 0.6 조건 미충족
송원대학교,교양공학부,학교 유사도 0.8 또는 학과 유사도 0.6 조건 미충족
송원대학교,교통공학과,학교 유사도 0.8 또는 학과 유사도 0.6 조건 미충족
송호대학교,경영정보과,학교 유사도 0.8 또는 학과 유사도 0.6 조건 미충족
송호대학교,관광경영과,학교 유사도 0.8 또는 학과 유사도 0.6 조건 미충족
송호대학교,농수산과,학교 유사도 0.8 또는 학과 유사도 0.6 조건 미충족
송호대학교,방사선과,학교 유사도 0.8 또는 학과 유사도 0.6 조건 미충족
송호대학교,보건행정과,학교 유사도 0.8 또는 학과 유사도 0.6 조건 미충족
수성대학교,교양과,학교 유사도 0.8 또는 학과 유사도 0.6 조건 미충족
수성대학교,반려동물과,학교 유사도 0.8 또는 학과 유사도 0.6 조건 미충족
수성대학교,방사선과,학교 유사도 0.8 또는 학과 유사도 0.6 조건 미충족
수성대학교,보건행정과,학교 유사도 0.8 또는 학과 유사도 0.6 조건 미충족
수원과학대학교,건축과,학교 유사도 0.8 또는 학과 유사도 0.6 조건 미충족
수원과학대학교,건축설비과,학교 유사도 0.8 또는 학과 유사도 0.6 조건 미충족
수원과학대학교,게임콘텐츠과,학교 유사도 0.8 또는 학과 유사도 0.6 조건 미충족
수원과학대학교,경영정보과,학교 유사도 0.8 또는 학과 유사도 0.6 조건 미충족
수원과학대학교,경찰행정과,학교 유사도 0.8 또는 학과 유사도 0.6 조건 미충족
수원과학대학교,기계과,학교 유사도 0.8 또는 학과 유사도 0.6 조건 미충족
수원과학대학교,보건행정과,학교 유사도 0.8 또는 학과 유사도 0.6 조건 미충족
수원대학교,교양사회과학부,학교 유사도 0.8 또는 학과 유사도 0.6 조건 미충족
수원대학교,러시아어문학과,학교 유사도 0.8 또는 학과 유사도 0.6 조건 미충족
수원여자대학교,경영정보과,학교 유사도 0.8 또는 학과 유사도 0.6 조건 미충족
수원여자대학교,물리치료과,학교 유사도 0.8 또는 학과 유사도 0.6 조건 미충족
수원여자대학교,바이오생명정보과,학교 유사도 0.8 또는 학과 유사도 0.6 조건 미충족
수원여자대학교,반려동물과,학교 유사도 0.8 또는 학과 유사도 0.6 조건 미충족
수원여자대학교,보건행정과,학교 유사도 0.8 또는 학과 유사도 0.6 조건 미충족
숙명여자대학교,경영학과,학교 유사도 0.8 또는 학과 유사도 0.6 조건 미충족
숙명여자대학교,경제학과,학교 유사도 0.8 또는 학과 유사도 0.6 조건 미충족
숙명여자대학교,고고학과,학교 유사도 0.8 또는 학과 유사도 0.6 조건 미충족
숙명여자대학교,관광경영학과,학교 유사도 0.8 또는 학과 유사도 0.6 조건 미충족
숙명여자대학교,광고홍보학과,학교 유사도 0.8 또는 학과 유사도 0.6 조건 미충족
숙명여자대학교,교양공학부,학교 유사도 0.8 또는 학과 유사도 0.6 조건 미충족
숙명여자대학교,교양인문학부,학교 유사도 0.8 또는 학과 유사도 0.6 조건 미충족
숙명여자대학교,교양자연과학부,학교 유사도 0.8 또는 학과 유사도 0.6 조건 미충족
숙명여자대학교,교육학과,학교 유사도 0.8 또는 학과 유사도 0.6 조건 미충족
숙명여자대학교,국어국문학과,학교 유사도 0.8 또는 학과 유사도 0.6 조건 미충족
숙명여자대학교,국제통상학과,학교 유사도 0.8 또는 학과 유사도 0.6 조건 미충족
숙명여자대학교,국제학부,학교 유사도 0.8 또는 학과 유사도 0.6 조건 미충족
숙명여자대학교,기계공학과,학교 유사도 0.8 또는 학과 유사도 0.6 조건 미충족
숙명여자대학교,독어독문학과,학교 유사도 0.8 또는 학과 유사도 0.6 조건 미충족
숙명여자대학교,문헌정보학과,학교 유사도 0.8 또는 학과 유사도 0.6 조건 미충족
숙명여자대학교,물리학과,학교 유사도 0.8 또는 학과 유사도 0.6 조건 미충족
숙명여자대학교,생명과학과,학교 유사도 0.8 또는 학과 유사도 0.6 조건 미충족
숙명여자대학교,약학부,학교 유사도 0.8 또는 학과 유사도 0.6 조건 미충족
순천제일대학교,건설정보과,학교 유사도 0.8 또는 학과 유사도 0.6 조건 미충족
순천제일대학교,건축과,학교 유사도 0.8 또는 학과 유사도 0.6 조건 미충족
순천제일대학교,기계과,학교 유사도 0.8 또는 학과 유사도 0.6 조건 미충족
순천제일대학교,물리치료과,학교 유사도 0.8 또는 학과 유사도 0.6 조건 미충족
순천제일대학교,산업안전과,학교 유사도 0.8 또는 학과 유사도 0.6 조건 미충족
순천제일대학교,소방안전관리과,학교 유사도 0.8 또는 학과 유사도 0.6 조건 미충족
순천제일대학교,언어재활과,학교 유사도 0.8 또는 학과 유사도 0.6 조건 미충족
순천제일대학교,의료보장구과,학교 유사도 0.8 또는 학과 유사도 0.6 조건 미충족
순천향대학교,교양공학부,학교 유사도 0.8 또는 학과 유사도 0.6 조건 미충족
순천향대학교,국제문화정보학과,학교 유사도 0.8 또는 학과 유사도 0.6 조건 미충족
순천향대학교,약학부,학교 유사도 0.8 또는 학과 유사도 0.6 조건 미충족
숭실대학교,건축학과,학교 유사도 0.8 또는 학과 유사도 0.6 조건 미충족
숭실대학교,교양인문학부,학교 유사도 0.8 또는 학과 유사도 0.6 조건 미충족
숭실대학교,기독교학과,학교 유사도 0.8 또는 학과 유사도 0.6 조건 미충족
숭실대학교,문예창작학과,학교 유사도 0.8 또는 학과 유사도 0.6 조건 미충족
숭실대학교,생명과학과,학교 유사도 0.8 또는 학과 유사도 0.6 조건 미충족
숭실사이버대학교,경영학과,학교 유사도 0.8 또는 학과 유사도 0.6 조건 미충족
숭실사이버대학교,교양인문학부,학교 유사도 0.8 또는 학과 유사도 0.6 조건 미충족
숭실사이버대학교,교육학과,학교 유사도 0.8 또는 학과 유사도 0.6 조건 미충족
숭실사이버대학교,국어교육과,학교 유사도 0.8 또는 학과 유사도 0.6 조건 미충족
숭실사이버대학교,생명과학과,학교 유사도 0.8 또는 학과 유사도 0.6 조건 미충족
숭의여자대학교,가족복지과,학교 유사도 0.8 또는 학과 유사도 0.6 조건 미충족
숭의여자대학교,문헌정보과,학교 유사도 0.8 또는 학과 유사도 0.6 조건 미충족
숭의여자대학교,보건행정과,학교 유사도 0.8 또는 학과 유사도 0.6 조건 미충족
신경주대학교,건축학과,학교 유사도 0.8 또는 학과 유사도 0.6 조건 미충족
신경주대학교,교양인문학부,학교 유사도 0.8 또는 학과 유사도 0.6 조건 미충족
신경주대학교,방사선학과,학교 유사도 0.8 또는 학과 유사도 0.6 조건 미충족
신구대학교,건설정보과,학교 유사도 0.8 또는 학과 유사도 0.6 조건 미충족
신구대학교,게임콘텐츠과,학교 유사도 0.8 또는 학과 유사도 0.6 조건 미충족
신구대학교,경영정보과,학교 유사도 0.8 또는 학과 유사도 0.6 조건 미충족
신구대학교,관광경영과,학교 유사도 0.8 또는 학과 유사도 0.6 조건 미충족
신구대학교,국제경영과,학교 유사도 0.8 또는 학과 유사도 0.6 조건 미충족
신구대학교,농수산과,학교 유사도 0.8 또는 학과 유사도 0.6 조건 미충족
신구대학교,바이오동물과,학교 유사도 0.8 또는 학과 유사도 0.6 조건 미충족
신구대학교,바이오생명정보과,학교 유사도 0.8 또는 학과 유사도 0.6 조건 미충족
신라대학교,고고학과,학교 유사도 0.8 또는 학과 유사도 0.6 조건 미충족
신라대학교,광고홍보학과,학교 유사도 0.8 또는 학과 유사도 0.6 조건 미충족
신라대학교,교양공학부,학교 유사도 0.8 또는 학과 유사도 0.6 조건 미충족
신라대학교,교양인문학부,학교 유사도 0.8 또는 학과 유사도 0.6 조건 미충족
신라대학교,국제관계학과,학교 유사도 0.8 또는 학과 유사도 0.6 조건 미충족
신라대학교,국제통상학과,학교 유사도 0.8 또는 학과 유사도 0.6 조건 미충족
신라대학교,국제학부,학교 유사도 0.8 또는 학과 유사도 0.6 조건 미충족
신성대학교,산업안전과,학교 유사도 0.8 또는 학과 유사도 0.6 조건 미충족
신성대학교,소방안전관리과,학교 유사도 0.8 또는 학과 유사도 0.6 조건 미충족
신안산대학교,건축과,학교 유사도 0.8 또는 학과 유사도 0.6 조건 미충족
신안산대학교,게임콘텐츠과,학교 유사도 0.8 또는 학과 유사도 0.6 조건 미충족
신안산대학교,경영정보과,학교 유사도 0.8 또는 학과 유사도 0.6 조건 미충족
신안산대학교,경찰행정과,학교 유사도 0.8 또는 학과 유사도 0.6 조건 미충족
신안산대학교,기계과,학교 유사도 0.8 또는 학과 유사도 0.6 조건 미충족
신안산대학교,기계설계과,학교 유사도 0.8 또는 학과 유사도 0.6 조건 미충족
신안산대학교,바이오동물과,학교 유사도 0.8 또는 학과 유사도 0.6 조건 미충족
신안산대학교,바이오생명정보과,학교 유사도 0.8 또는 학과 유사도 0.6 조건 미충족
신안산대학교,반려동물과,학교 유사도 0.8 또는 학과 유사도 0.6 조건 미충족
신안산대학교,소방안전관리과,학교 유사도 0.8 또는 학과 유사도 0.6 조건 미충족
신한대학교,국제학부,학교 유사도 0.8 또는 학과 유사도 0.6 조건 미충족
아신대학교,교양인문학부,학교 유사도 0.8 또는 학과 유사도 0.6 조건 미충족
아신대학교,국제학부,학교 유사도 0.8 또는 학과 유사도 0.6 조건 미충족
아주대학교,교양공학부,학교 유사도 0.8 또는 학과 유사도 0.6 조건 미충족
아주대학교,약학부,학교 유사도 0.8 또는 학과 유사도 0.6 조건 미충족
안동과학대학교,간호과,학교 유사도 0.8 또는 학과 유사도 0.6 조건 미충족
안동과학대학교,건설정보과,학교 유사도 0.8 또는 학과 유사도 0.6 조건 미충족
안동과학대학교,물리치료과,학교 유사도 0.8 또는 학과 유사도 0.6 조건 미충족
안동과학대학교,바이오생명정보과,학교 유사도 0.8 또는 학과 유사도 0.6 조건 미충족
안동과학대학교,반려동물과,학교 유사도 0.8 또는 학과 유사도 0.6 조건 미충족
안동과학대학교,보건행정과,학교 유사도 0.8 또는 학과 유사도 0.6 조건 미충족
안동과학대학교,소방안전관리과,학교 유사도 0.8 또는 학과 유사도 0.6 조건 미충족
안동과학대학교,의료보장구과,학교 유사도 0.8 또는 학과 유사도 0.6 조건 미충족
안산대학교,교양과,학교 유사도 0.8 또는 학과 유사도 0.6 조건 미충족
안산대학교,반려동물과,학교 유사도 0.8 또는 학과 유사도 0.6 조건 미충족
안산대학교,방사선과,학교 유사도 0.8 또는 학과 유사도 0.6 조건 미충족
안산대학교,보건환경과,학교 유사도 0.8 또는 학과 유사도 0.6 조건 미충족
안산대학교,언어재활과,학교 유사도 0.8 또는 학과 유사도 0.6 조건 미충족
안산대학교,의료정보시스템과,학교 유사도 0.8 또는 학과 유사도 0.6 조건 미충족
안양대학교,교양인문학부,학교 유사도 0.8 또는 학과 유사도 0.6 조건 미충족
안양대학교,교양자연과학부,학교 유사도 0.8 또는 학과 유사도 0.6 조건 미충족
안양대학교,국제통상학과,학교 유사도 0.8 또는 학과 유사도 0.6 조건 미충족
안양대학교,생물학과,학교 유사도 0.8 또는 학과 유사도 0.6 조건 미충족
여주대학교,보건환경과,학교 유사도 0.8 또는 학과 유사도 0.6 조건 미충족
여주대학교,의료보장구과,학교 유사도 0.8 또는 학과 유사도 0.6 조건 미충족
연성대학교,게임콘텐츠과,학교 유사도 0.8 또는 학과 유사도 0.6 조건 미충족
연성대학교,경영정보과,학교 유사도 0.8 또는 학과 유사도 0.6 조건 미충족
연성대학교,관광경영과,학교 유사도 0.8 또는 학과 유사도 0.6 조건 미충족
연성대학교,반려동물과,학교 유사도 0.8 또는 학과 유사도 0.6 조건 미충족
연성대학교,보건행정과,학교 유사도 0.8 또는 학과 유사도 0.6 조건 미충족
연성대학교,응급구조과,학교 유사도 0.8 또는 학과 유사도 0.6 조건 미충족
연세대학교,경제학과,학교 유사도 0.8 또는 학과 유사도 0.6 조건 미충족
연세대학교,교양공학부,학교 유사도 0.8 또는 학과 유사도 0.6 조건 미충족
연세대학교,교양사회과학부,학교 유사도 0.8 또는 학과 유사도 0.6 조건 미충족
연세대학교,교양생활과학부,학교 유사도 0.8 또는 학과 유사도 0.6 조건 미충족
연세대학교,교양인문학부,학교 유사도 0.8 또는 학과 유사도 0.6 조건 미충족
연세대학교,교양자연과학부,학교 유사도 0.8 또는 학과 유사도 0.6 조건 미충족
연세대학교,교육학과,학교 유사도 0.8 또는 학과 유사도 0.6 조건 미충족
연세대학교,국어국문학과,학교 유사도 0.8 또는 학과 유사도 0.6 조건 미충족
연세대학교,국제지역학과,학교 유사도 0.8 또는 학과 유사도 0.6 조건 미충족
연세대학교,국제통상학과,학교 유사도 0.8 또는 학과 유사도 0.6 조건 미충족
연세대학교,기계공학과,학교 유사도 0.8 또는 학과 유사도 0.6 조건 미충족
연세대학교,대기과학과,학교 유사도 0.8 또는 학과 유사도 0.6 조건 미충족
연세대학교,독어독문학과,학교 유사도 0.8 또는 학과 유사도 0.6 조건 미충족
연세대학교,러시아어문학과,학교 유사도 0.8 또는 학과 유사도 0.6 조건 미충족
연세대학교,문헌정보학과,학교 유사도 0.8 또는 학과 유사도 0.6 조건 미충족
연세대학교,문화인류학과,학교 유사도 0.8 또는 학과 유사도 0.6 조건 미충족
연세대학교,약학부,학교 유사도 0.8 또는 학과 유사도 0.6 조건 미충족
연세대학교 미래캠퍼스,경영학과,학교 유사도 0.8 또는 학과 유사도 0.6 조건 미충족
연세대학교 미래캠퍼스,경제학과,학교 유사도 0.8 또는 학과 유사도 0.6 조건 미충족
연세대학교 미래캠퍼스,교양사회과학부,학교 유사도 0.8 또는 학과 유사도 0.6 조건 미충족
연세대학교 미래캠퍼스,교양인문학부,학교 유사도 0.8 또는 학과 유사도 0.6 조건 미충족
연세대학교 미래캠퍼스,교양자연과학부,학교 유사도 0.8 또는 학과 유사도 0.6 조건 미충족
연세대학교 미래캠퍼스,국어국문학과,학교 유사도 0.8 또는 학과 유사도 0.6 조건 미충족
연세대학교 미래캠퍼스,국제관계학과,학교 유사도 0.8 또는 학과 유사도 0.6 조건 미충족
연세대학교 미래캠퍼스,국제학부,학교 유사도 0.8 또는 학과 유사도 0.6 조건 미충족
연세대학교 미래캠퍼스,의료정보공학과,학교 유사도 0.8 또는 학과 유사도 0.6 조건 미충족
연암공과대학교,기계과,학교 유사도 0.8 또는 학과 유사도 0.6 조건 미충족
연암대학교,농수산과,학교 유사도 0.8 또는 학과 유사도 0.6 조건 미충족
연암대학교,바이오동물과,학교 유사도 0.8 또는 학과 유사도 0.6 조건 미충족
연암대학교,반려동물과,학교 유사도 0.8 또는 학과 유사도 0.6 조건 미충족
영남대학교,교양사회과학부,학교 유사도 0.8 또는 학과 유사도 0.6 조건 미충족
영남대학교,교양인문학부,학교 유사도 0.8 또는 학과 유사도 0.6 조건 미충족
영남대학교,기타유럽어학과,학교 유사도 0.8 또는 학과 유사도 0.6 조건 미충족
영남사이버대학교,교육학과,학교 유사도 0.8 또는 학과 유사도 0.6 조건 미충족
영남신학대학교,교양인문학부,학교 유사도 0.8 또는 학과 유사도 0.6 조건 미충족
영남외국어대학,간호과,학교 유사도 0.8 또는 학과 유사도 0.6 조건 미충족
영남외국어대학,보건행정과,학교 유사도 0.8 또는 학과 유사도 0.6 조건 미충족
영남이공대학교,간호과,학교 유사도 0.8 또는 학과 유사도 0.6 조건 미충족
영남이공대학교,건설정보과,학교 유사도 0.8 또는 학과 유사도 0.6 조건 미충족
영남이공대학교,건축과,학교 유사도 0.8 또는 학과 유사도 0.6 조건 미충족
영남이공대학교,건축설비과,학교 유사도 0.8 또는 학과 유사도 0.6 조건 미충족
영남이공대학교,경영정보과,학교 유사도 0.8 또는 학과 유사도 0.6 조건 미충족
영남이공대학교,경영회계정보과,학교 유사도 0.8 또는 학과 유사도 0.6 조건 미충족
영남이공대학교,국제경영과,학교 유사도 0.8 또는 학과 유사도 0.6 조건 미충족
영남이공대학교,기계과,학교 유사도 0.8 또는 학과 유사도 0.6 조건 미충족
영남이공대학교,물리치료과,학교 유사도 0.8 또는 학과 유사도 0.6 조건 미충족
영남이공대학교,반려동물과,학교 유사도 0.8 또는 학과 유사도 0.6 조건 미충족
영남이공대학교,보건행정과,학교 유사도 0.8 또는 학과 유사도 0.6 조건 미충족
영남이공대학교,의료보장구과,학교 유사도 0.8 또는 학과 유사도 0.6 조건 미충족
영산대학교,광고홍보학과,학교 유사도 0.8 또는 학과 유사도 0.6 조건 미충족
영산대학교,교양사회과학부,학교 유사도 0.8 또는 학과 유사도 0.6 조건 미충족
영산대학교,교양인문학부,학교 유사도 0.8 또는 학과 유사도 0.6 조건 미충족
영산대학교,교통공학과,학교 유사도 0.8 또는 학과 유사도 0.6 조건 미충족
영산대학교,국제지역학과,학교 유사도 0.8 또는 학과 유사도 0.6 조건 미충족
영산대학교,기계설계공학과,학교 유사도 0.8 또는 학과 유사도 0.6 조건 미충족
영산대학교,기타아시아어학과,학교 유사도 0.8 또는 학과 유사도 0.6 조건 미충족
영진사이버대학교,경영정보과,학교 유사도 0.8 또는 학과 유사도 0.6 조건 미충족
영진전문대학교,간호과,학교 유사도 0.8 또는 학과 유사도 0.6 조건 미충족
영진전문대학교,건축과,학교 유사도 0.8 또는 학과 유사도 0.6 조건 미충족
영진전문대학교,경영정보과,학교 유사도 0.8 또는 학과 유사도 0.6 조건 미충족
영진전문대학교,관광경영과,학교 유사도 0.8 또는 학과 유사도 0.6 조건 미충족
영진전문대학교,금형설계과,학교 유사도 0.8 또는 학과 유사도 0.6 조건 미충족
영진전문대학교,기계과,학교 유사도 0.8 또는 학과 유사도 0.6 조건 미충족
영진전문대학교,바이오동물과,학교 유사도 0.8 또는 학과 유사도 0.6 조건 미충족
영진전문대학교,반려동물과,학교 유사도 0.8 또는 학과 유사도 0.6 조건 미충족
영진전문대학교,보건행정과,학교 유사도 0.8 또는 학과 유사도 0.6 조건 미충족
영진전문대학교,응급구조과,학교 유사도 0.8 또는 학과 유사도 0.6 조건 미충족
예원예술대학교,경영학과,학교 유사도 0.8 또는 학과 유사도 0.6 조건 미충족
예원예술대학교,관광경영학과,학교 유사도 0.8 또는 학과 유사도 0.6 조건 미충족
예원예술대학교,교양인문학부,학교 유사도 0.8 또는 학과 유사도 0.6 조건 미충족
예원예술대학교,국어국문학과,학교 유사도 0.8 또는 학과 유사도 0.6 조건 미충족
오산대학교,게임콘텐츠과,학교 유사도 0.8 또는 학과 유사도 0.6 조건 미충족
오산대학교,관광경영과,학교 유사도 0.8 또는 학과 유사도 0.6 조건 미충족
오산대학교,교양과,학교 유사도 0.8 또는 학과 유사도 0.6 조건 미충족
오산대학교,기계과,학교 유사도 0.8 또는 학과 유사도 0.6 조건 미충족
오산대학교,바이오동물과,학교 유사도 0.8 또는 학과 유사도 0.6 조건 미충족
오산대학교,반려동물과,학교 유사도 0.8 또는 학과 유사도 0.6 조건 미충족
오산대학교,보건행정과,학교 유사도 0.8 또는 학과 유사도 0.6 조건 미충족
오산대학교,보건환경과,학교 유사도 0.8 또는 학과 유사도 0.6 조건 미충족
오산대학교,산업안전과,학교 유사도 0.8 또는 학과 유사도 0.6 조건 미충족
오산대학교,소방안전관리과,학교 유사도 0.8 또는 학과 유사도 0.6 조건 미충족
용인예술과학대학교,간호과,학교 유사도 0.8 또는 학과 유사도 0.6 조건 미충족
용인예술과학대학교,건축과,학교 유사도 0.8 또는 학과 유사도 0.6 조건 미충족
용인예술과학대학교,건축설비과,학교 유사도 0.8 또는 학과 유사도 0.6 조건 미충족
용인예술과학대학교,게임콘텐츠과,학교 유사도 0.8 또는 학과 유사도 0.6 조건 미충족
용인예술과학대학교,경영정보과,학교 유사도 0.8 또는 학과 유사도 0.6 조건 미충족
용인예술과학대학교,경찰행정과,학교 유사도 0.8 또는 학과 유사도 0.6 조건 미충족
용인예술과학대학교,기계과,학교 유사도 0.8 또는 학과 유사도 0.6 조건 미충족
용인예술과학대학교,반려동물과,학교 유사도 0.8 또는 학과 유사도 0.6 조건 미충족
용인예술과학대학교,보건행정과,학교 유사도 0.8 또는 학과 유사도 0.6 조건 미충족
용인예술과학대학교,의료정보시스템과,학교 유사도 0.8 또는 학과 유사도 0.6 조건 미충족
우석대학교,건축학과,학교 유사도 0.8 또는 학과 유사도 0.6 조건 미충족
우석대학교,광고홍보학과,학교 유사도 0.8 또는 학과 유사도 0.6 조건 미충족
우석대학교,교양사회과학부,학교 유사도 0.8 또는 학과 유사도 0.6 조건 미충족
우석대학교,국방기술학과,학교 유사도 0.8 또는 학과 유사도 0.6 조건 미충족
우석대학교,약학부,학교 유사도 0.8 또는 학과 유사도 0.6 조건 미충족
우송대학교,게임공학과,학교 유사도 0.8 또는 학과 유사도 0.6 조건 미충족
우송대학교,교양인문학부,학교 유사도 0.8 또는 학과 유사도 0.6 조건 미충족
우송대학교,교통공학과,학교 유사도 0.8 또는 학과 유사도 0.6 조건 미충족
우송대학교,보건관리학과,학교 유사도 0.8 또는 학과 유사도 0.6 조건 미충족
우송정보대학,간호과,학교 유사도 0.8 또는 학과 유사도 0.6 조건 미충족
우송정보대학,건축과,학교 유사도 0.8 또는 학과 유사도 0.6 조건 미충족
우송정보대학,경영정보과,학교 유사도 0.8 또는 학과 유사도 0.6 조건 미충족
우송정보대학,경영회계정보과,학교 유사도 0.8 또는 학과 유사도 0.6 조건 미충족
우송정보대학,교양과,학교 유사도 0.8 또는 학과 유사도 0.6 조건 미충족
우송정보대학,기계과,학교 유사도 0.8 또는 학과 유사도 0.6 조건 미충족
우송정보대학,바이오동물과,학교 유사도 0.8 또는 학과 유사도 0.6 조건 미충족
우송정보대학,반려동물과,학교 유사도 0.8 또는 학과 유사도 0.6 조건 미충족
우송정보대학,보건행정과,학교 유사도 0.8 또는 학과 유사도 0.6 조건 미충족
우송정보대학,산업안전과,학교 유사도 0.8 또는 학과 유사도 0.6 조건 미충족
우송정보대학,소방안전관리과,학교 유사도 0.8 또는 학과 유사도 0.6 조건 미충족
우송정보대학,언어재활과,학교 유사도 0.8 또는 학과 유사도 0.6 조건 미충족
울산과학기술원,경영학과,학교 유사도 0.8 또는 학과 유사도 0.6 조건 미충족
울산과학기술원,교양경상학부,학교 유사도 0.8 또는 학과 유사도 0.6 조건 미충족
울산과학기술원,교양공학부,학교 유사도 0.8 또는 학과 유사도 0.6 조건 미충족
울산과학기술원,교양인문학부,학교 유사도 0.8 또는 학과 유사도 0.6 조건 미충족
울산과학기술원,교양자연과학부,학교 유사도 0.8 또는 학과 유사도 0.6 조건 미충족
울산과학기술원,기계공학과,학교 유사도 0.8 또는 학과 유사도 0.6 조건 미충족
울산과학기술원,물리학과,학교 유사도 0.8 또는 학과 유사도 0.6 조건 미충족
울산과학기술원,생명공학과,학교 유사도 0.8 또는 학과 유사도 0.6 조건 미충족
울산과학기술원,생명과학과,학교 유사도 0.8 또는 학과 유사도 0.6 조건 미충족
울산과학대학교,건축과,학교 유사도 0.8 또는 학과 유사도 0.6 조건 미충족
울산과학대학교,기계과,학교 유사도 0.8 또는 학과 유사도 0.6 조건 미충족
울산과학대학교,물리치료과,학교 유사도 0.8 또는 학과 유사도 0.6 조건 미충족
울산과학대학교,산업안전과,학교 유사도 0.8 또는 학과 유사도 0.6 조건 미충족
울산과학대학교,의료정보시스템과,학교 유사도 0.8 또는 학과 유사도 0.6 조건 미충족
울산대학교,교양인문학부,학교 유사도 0.8 또는 학과 유사도 0.6 조건 미충족
울산대학교,교양자연과학부,학교 유사도 0.8 또는 학과 유사도 0.6 조건 미충족
웅지세무대학교,경영회계정보과,학교 유사도 0.8 또는 학과 유사도 0.6 조건 미충족
원광대학교,고고학과,학교 유사도 0.8 또는 학과 유사도 0.6 조건 미충족
원광대학교,교양자연과학부,학교 유사도 0.8 또는 학과 유사도 0.6 조건 미충족
원광대학교,국제문화정보학과,학교 유사도 0.8 또는 학과 유사도 0.6 조건 미충족
원광대학교,약학부,학교 유사도 0.8 또는 학과 유사도 0.6 조건 미충족
원광디지털대학교,경영학과,학교 유사도 0.8 또는 학과 유사도 0.6 조건 미충족
원광디지털대학교,경찰행정학과,학교 유사도 0.8 또는 학과 유사도 0.6 조건 미충족
원광디지털대학교,관광경영학과,학교 유사도 0.8 또는 학과 유사도 0.6 조건 미충족
원광디지털대학교,교양인문학부,학교 유사도 0.8 또는 학과 유사도 0.6 조건 미충족
원광디지털대학교,국어국문학과,학교 유사도 0.8 또는 학과 유사도 0.6 조건 미충족
원광디지털대학교,국제지역학과,학교 유사도 0.8 또는 학과 유사도 0.6 조건 미충족
원광디지털대학교,언어치료학과,학교 유사도 0.8 또는 학과 유사도 0.6 조건 미충족
원광보건대학교,간호과,학교 유사도 0.8 또는 학과 유사도 0.6 조건 미충족
원광보건대학교,관광경영과,학교 유사도 0.8 또는 학과 유사도 0.6 조건 미충족
원광보건대학교,교양과,학교 유사도 0.8 또는 학과 유사도 0.6 조건 미충족
원광보건대학교,물리치료과,학교 유사도 0.8 또는 학과 유사도 0.6 조건 미충족
원광보건대학교,방사선과,학교 유사도 0.8 또는 학과 유사도 0.6 조건 미충족
원광보건대학교,보건행정과,학교 유사도 0.8 또는 학과 유사도 0.6 조건 미충족
원광보건대학교,생활문화과,학교 유사도 0.8 또는 학과 유사도 0.6 조건 미충족
위덕대학교,교양공학부,학교 유사도 0.8 또는 학과 유사도 0.6 조건 미충족
위덕대학교,물리치료학과,학교 유사도 0.8 또는 학과 유사도 0.6 조건 미충족
위덕대학교,보건관리학과,학교 유사도 0.8 또는 학과 유사도 0.6 조건 미충족
위덕대학교,언어치료학과,학교 유사도 0.8 또는 학과 유사도 0.6 조건 미충족
유원대학교,교양공학부,학교 유사도 0.8 또는 학과 유사도 0.6 조건 미충족
유원대학교,농공학과,학교 유사도 0.8 또는 학과 유사도 0.6 조건 미충족
유한대학교,건축설비과,학교 유사도 0.8 또는 학과 유사도 0.6 조건 미충족
유한대학교,게임콘텐츠과,학교 유사도 0.8 또는 학과 유사도 0.6 조건 미충족
유한대학교,관광경영과,학교 유사도 0.8 또는 학과 유사도 0.6 조건 미충족
유한대학교,광고기획과,학교 유사도 0.8 또는 학과 유사도 0.6 조건 미충족
유한대학교,교양과,학교 유사도 0.8 또는 학과 유사도 0.6 조건 미충족
유한대학교,국제경영과,학교 유사도 0.8 또는 학과 유사도 0.6 조건 미충족
유한대학교,금형설계과,학교 유사도 0.8 또는 학과 유사도 0.6 조건 미충족
유한대학교,기계과,학교 유사도 0.8 또는 학과 유사도 0.6 조건 미충족
유한대학교,기계설계과,학교 유사도 0.8 또는 학과 유사도 0.6 조건 미충족
유한대학교,바이오생명정보과,학교 유사도 0.8 또는 학과 유사도 0.6 조건 미충족
유한대학교,반려동물과,학교 유사도 0.8 또는 학과 유사도 0.6 조건 미충족
유한대학교,보건행정과,학교 유사도 0.8 또는 학과 유사도 0.6 조건 미충족
유한대학교,보건환경과,학교 유사도 0.8 또는 학과 유사도 0.6 조건 미충족
유한대학교,산업안전과,학교 유사도 0.8 또는 학과 유사도 0.6 조건 미충족
을지대학교,광고홍보학과,학교 유사도 0.8 또는 학과 유사도 0.6 조건 미충족
을지대학교,광학공학과,학교 유사도 0.8 또는 학과 유사도 0.6 조건 미충족
을지대학교,교양생활과학부,학교 유사도 0.8 또는 학과 유사도 0.6 조건 미충족
을지대학교,교양인문학부,학교 유사도 0.8 또는 학과 유사도 0.6 조건 미충족
을지대학교,방사선학과,학교 유사도 0.8 또는 학과 유사도 0.6 조건 미충족
을지대학교,보건관리학과,학교 유사도 0.8 또는 학과 유사도 0.6 조건 미충족
을지대학교,응급구조학과,학교 유사도 0.8 또는 학과 유사도 0.6 조건 미충족
을지대학교,의료정보공학과,학교 유사도 0.8 또는 학과 유사도 0.6 조건 미충족
이화여자대학교,간호학과,학교 유사도 0.8 또는 학과 유사도 0.6 조건 미충족
이화여자대학교,건축공학과,학교 유사도 0.8 또는 학과 유사도 0.6 조건 미충족
이화여자대학교,건축학과,학교 유사도 0.8 또는 학과 유사도 0.6 조건 미충족
이화여자대학교,경영학과,학교 유사도 0.8 또는 학과 유사도 0.6 조건 미충족
이화여자대학교,경제학과,학교 유사도 0.8 또는 학과 유사도 0.6 조건 미충족
이화여자대학교,과학교육과,학교 유사도 0.8 또는 학과 유사도 0.6 조건 미충족
이화여자대학교,광고홍보학과,학교 유사도 0.8 또는 학과 유사도 0.6 조건 미충족
이화여자대학교,교양공학부,학교 유사도 0.8 또는 학과 유사도 0.6 조건 미충족
이화여자대학교,교양사회과학부,학교 유사도 0.8 또는 학과 유사도 0.6 조건 미충족
이화여자대학교,교양인문학부,학교 유사도 0.8 또는 학과 유사도 0.6 조건 미충족
이화여자대학교,교양자연과학부,학교 유사도 0.8 또는 학과 유사도 0.6 조건 미충족
이화여자대학교,교육공학과,학교 유사도 0.8 또는 학과 유사도 0.6 조건 미충족
이화여자대학교,교육학과,학교 유사도 0.8 또는 학과 유사도 0.6 조건 미충족
이화여자대학교,국어교육과,학교 유사도 0.8 또는 학과 유사도 0.6 조건 미충족
이화여자대학교,국어국문학과,학교 유사도 0.8 또는 학과 유사도 0.6 조건 미충족
이화여자대학교,국제지역학과,학교 유사도 0.8 또는 학과 유사도 0.6 조건 미충족
이화여자대학교,국제학부,학교 유사도 0.8 또는 학과 유사도 0.6 조건 미충족
이화여자대학교,기계공학과,학교 유사도 0.8 또는 학과 유사도 0.6 조건 미충족
이화여자대학교,기독교학과,학교 유사도 0.8 또는 학과 유사도 0.6 조건 미충족
이화여자대학교,독어독문학과,학교 유사도 0.8 또는 학과 유사도 0.6 조건 미충족
이화여자대학교,문헌정보학과,학교 유사도 0.8 또는 학과 유사도 0.6 조건 미충족
이화여자대학교,물리학과,학교 유사도 0.8 또는 학과 유사도 0.6 조건 미충족
이화여자대학교,보건관리학과,학교 유사도 0.8 또는 학과 유사도 0.6 조건 미충족
이화여자대학교,사회교육과,학교 유사도 0.8 또는 학과 유사도 0.6 조건 미충족
이화여자대학교,생명과학과,학교 유사도 0.8 또는 학과 유사도 0.6 조건 미충족
이화여자대학교,수학교육과,학교 유사도 0.8 또는 학과 유사도 0.6 조건 미충족
이화여자대학교,약학부,학교 유사도 0.8 또는 학과 유사도 0.6 조건 미충족
이화여자대학교,의료정보공학과,학교 유사도 0.8 또는 학과 유사도 0.6 조건 미충족
인덕대학교,건설정보과,학교 유사도 0.8 또는 학과 유사도 0.6 조건 미충족
인덕대학교,기계과,학교 유사도 0.8 또는 학과 유사도 0.6 조건 미충족
인덕대학교,기계설계과,학교 유사도 0.8 또는 학과 유사도 0.6 조건 미충족
인덕대학교,산업안전과,학교 유사도 0.8 또는 학과 유사도 0.6 조건 미충족
인제대학교,고고학과,학교 유사도 0.8 또는 학과 유사도 0.6 조건 미충족
인제대학교,교양경상학부,학교 유사도 0.8 또는 학과 유사도 0.6 조건 미충족
인제대학교,교양인문학부,학교 유사도 0.8 또는 학과 유사도 0.6 조건 미충족
인제대학교,국제지역학과,학교 유사도 0.8 또는 학과 유사도 0.6 조건 미충족
인제대학교,국제통상학과,학교 유사도 0.8 또는 학과 유사도 0.6 조건 미충족
인천가톨릭대학교,간호학과,학교 유사도 0.8 또는 학과 유사도 0.6 조건 미충족
인천대학교,교양사회과학부,학교 유사도 0.8 또는 학과 유사도 0.6 조건 미충족
인천대학교,교양인문학부,학교 유사도 0.8 또는 학과 유사도 0.6 조건 미충족
인하공업전문대학,건축과,학교 유사도 0.8 또는 학과 유사도 0.6 조건 미충족
인하공업전문대학,관광경영과,학교 유사도 0.8 또는 학과 유사도 0.6 조건 미충족
인하공업전문대학,기계과,학교 유사도 0.8 또는 학과 유사도 0.6 조건 미충족
인하공업전문대학,기계설계과,학교 유사도 0.8 또는 학과 유사도 0.6 조건 미충족
인하공업전문대학,바이오생명정보과,학교 유사도 0.8 또는 학과 유사도 0.6 조건 미충족
인하대학교,고분자공학과,학교 유사도 0.8 또는 학과 유사도 0.6 조건 미충족
인하대학교,교양사회과학부,학교 유사도 0.8 또는 학과 유사도 0.6 조건 미충족
인하대학교,교양인문학부,학교 유사도 0.8 또는 학과 유사도 0.6 조건 미충족
인하대학교,교양자연과학부,학교 유사도 0.8 또는 학과 유사도 0.6 조건 미충족
인하대학교,교육학과,학교 유사도 0.8 또는 학과 유사도 0.6 조건 미충족
인하대학교,국제통상학과,학교 유사도 0.8 또는 학과 유사도 0.6 조건 미충족
인하대학교,국제학부,학교 유사도 0.8 또는 학과 유사도 0.6 조건 미충족
인하대학교,금속공학과,학교 유사도 0.8 또는 학과 유사도 0.6 조건 미충족
인하대학교,기타아시아어학과,학교 유사도 0.8 또는 학과 유사도 0.6 조건 미충족
인하대학교,미술교육과,학교 유사도 0.8 또는 학과 유사도 0.6 조건 미충족
장안대학교,경영정보과,학교 유사도 0.8 또는 학과 유사도 0.6 조건 미충족
장안대학교,교양과,학교 유사도 0.8 또는 학과 유사도 0.6 조건 미충족
장안대학교,문예창작과,학교 유사도 0.8 또는 학과 유사도 0.6 조건 미충족
장안대학교,바이오동물과,학교 유사도 0.8 또는 학과 유사도 0.6 조건 미충족
장안대학교,바이오생명정보과,학교 유사도 0.8 또는 학과 유사도 0.6 조건 미충족
장안대학교,보건환경과,학교 유사도 0.8 또는 학과 유사도 0.6 조건 미충족
재능대학교,건축과,학교 유사도 0.8 또는 학과 유사도 0.6 조건 미충족
재능대학교,게임콘텐츠과,학교 유사도 0.8 또는 학과 유사도 0.6 조건 미충족
재능대학교,경영정보과,학교 유사도 0.8 또는 학과 유사도 0.6 조건 미충족
재능대학교,경영회계정보과,학교 유사도 0.8 또는 학과 유사도 0.6 조건 미충족
재능대학교,교양과,학교 유사도 0.8 또는 학과 유사도 0.6 조건 미충족
재능대학교,바이오생명정보과,학교 유사도 0.8 또는 학과 유사도 0.6 조건 미충족
재능대학교,보건행정과,학교 유사도 0.8 또는 학과 유사도 0.6 조건 미충족
재능대학교,보건환경과,학교 유사도 0.8 또는 학과 유사도 0.6 조건 미충족
전남과학대학교,건축과,학교 유사도 0.8 또는 학과 유사도 0.6 조건 미충족
전남과학대학교,게임콘텐츠과,학교 유사도 0.8 또는 학과 유사도 0.6 조건 미충족
전남과학대학교,농수산과,학교 유사도 0.8 또는 학과 유사도 0.6 조건 미충족
전남과학대학교,물리치료과,학교 유사도 0.8 또는 학과 유사도 0.6 조건 미충족
전남과학대학교,소방안전관리과,학교 유사도 0.8 또는 학과 유사도 0.6 조건 미충족
전남대학교,교양인문학부,학교 유사도 0.8 또는 학과 유사도 0.6 조건 미충족
전남도립대학교,건축과,학교 유사도 0.8 또는 학과 유사도 0.6 조건 미충족
전남도립대학교,경찰행정과,학교 유사도 0.8 또는 학과 유사도 0.6 조건 미충족
전남도립대학교,기계과,학교 유사도 0.8 또는 학과 유사도 0.6 조건 미충족
전남도립대학교,농수산과,학교 유사도 0.8 또는 학과 유사도 0.6 조건 미충족
전남도립대학교,보건행정과,학교 유사도 0.8 또는 학과 유사도 0.6 조건 미충족
전남도립대학교,산업안전과,학교 유사도 0.8 또는 학과 유사도 0.6 조건 미충족
전남도립대학교,소방안전관리과,학교 유사도 0.8 또는 학과 유사도 0.6 조건 미충족
전남도립대학교,의료정보시스템과,학교 유사도 0.8 또는 학과 유사도 0.6 조건 미충족
전북과학대학교,건축설비과,학교 유사도 0.8 또는 학과 유사도 0.6 조건 미충족
전북과학대학교,바이오생명정보과,학교 유사도 0.8 또는 학과 유사도 0.6 조건 미충족
전북과학대학교,보건행정과,학교 유사도 0.8 또는 학과 유사도 0.6 조건 미충족
전북대학교,교양인문학부,학교 유사도 0.8 또는 학과 유사도 0.6 조건 미충족
전북대학교,교양자연과학부,학교 유사도 0.8 또는 학과 유사도 0.6 조건 미충족
전주교육대학교,미술교육과,학교 유사도 0.8 또는 학과 유사도 0.6 조건 미충족
전주교육대학교,사회교육과,학교 유사도 0.8 또는 학과 유사도 0.6 조건 미충족
전주기전대학,건축과,학교 유사도 0.8 또는 학과 유사도 0.6 조건 미충족
전주기전대학,경영회계정보과,학교 유사도 0.8 또는 학과 유사도 0.6 조건 미충족
전주기전대학,경찰행정과,학교 유사도 0.8 또는 학과 유사도 0.6 조건 미충족
전주기전대학,교양과,학교 유사도 0.8 또는 학과 유사도 0.6 조건 미충족
전주기전대학,기계과,학교 유사도 0.8 또는 학과 유사도 0.6 조건 미충족
전주기전대학,농수산과,학교 유사도 0.8 또는 학과 유사도 0.6 조건 미충족
전주기전대학,바이오동물과,학교 유사도 0.8 또는 학과 유사도 0.6 조건 미충족
전주기전대학,반려동물과,학교 유사도 0.8 또는 학과 유사도 0.6 조건 미충족
전주기전대학,보건행정과,학교 유사도 0.8 또는 학과 유사도 0.6 조건 미충족
전주기전대학,보건환경과,학교 유사도 0.8 또는 학과 유사도 0.6 조건 미충족
전주기전대학,언어재활과,학교 유사도 0.8 또는 학과 유사도 0.6 조건 미충족
전주기전대학,응급구조과,학교 유사도 0.8 또는 학과 유사도 0.6 조건 미충족
전주대학교,교양경상학부,학교 유사도 0.8 또는 학과 유사도 0.6 조건 미충족
전주대학교,교양공학부,학교 유사도 0.8 또는 학과 유사도 0.6 조건 미충족
전주대학교,교양사회과학부,학교 유사도 0.8 또는 학과 유사도 0.6 조건 미충족
전주대학교,교양인문학부,학교 유사도 0.8 또는 학과 유사도 0.6 조건 미충족
전주대학교,교양자연과학부,학교 유사도 0.8 또는 학과 유사도 0.6 조건 미충족
전주비전대학교,건축과,학교 유사도 0.8 또는 학과 유사도 0.6 조건 미충족
전주비전대학교,경영정보과,학교 유사도 0.8 또는 학과 유사도 0.6 조건 미충족
전주비전대학교,기계과,학교 유사도 0.8 또는 학과 유사도 0.6 조건 미충족
전주비전대학교,보건행정과,학교 유사도 0.8 또는 학과 유사도 0.6 조건 미충족
전주비전대학교,응급구조과,학교 유사도 0.8 또는 학과 유사도 0.6 조건 미충족
전주비전대학교,의료정보시스템과,학교 유사도 0.8 또는 학과 유사도 0.6 조건 미충족
정석대학,경영학과,학교 유사도 0.8 또는 학과 유사도 0.6 조건 미충족
정화예술대학교,관광경영과,학교 유사도 0.8 또는 학과 유사도 0.6 조건 미충족
제주관광대학교,건축과,학교 유사도 0.8 또는 학과 유사도 0.6 조건 미충족
제주관광대학교,게임콘텐츠과,학교 유사도 0.8 또는 학과 유사도 0.6 조건 미충족
제주관광대학교,국제경영과,학교 유사도 0.8 또는 학과 유사도 0.6 조건 미충족
제주관광대학교,기계과,학교 유사도 0.8 또는 학과 유사도 0.6 조건 미충족
제주국제대학교,건축학과,학교 유사도 0.8 또는 학과 유사도 0.6 조건 미충족
제주국제대학교,언어치료학과,학교 유사도 0.8 또는 학과 유사도 0.6 조건 미충족
제주한라대학교,관광통역과,학교 유사도 0.8 또는 학과 유사도 0.6 조건 미충족
제주한라대학교,물리치료과,학교 유사도 0.8 또는 학과 유사도 0.6 조건 미충족
제주한라대학교,방사선과,학교 유사도 0.8 또는 학과 유사도 0.6 조건 미충족
제주한라대학교,보건행정과,학교 유사도 0.8 또는 학과 유사도 0.6 조건 미충족
제주한라대학교,응급구조과,학교 유사도 0.8 또는 학과 유사도 0.6 조건 미충족
조선대학교,고고학과,학교 유사도 0.8 또는 학과 유사도 0.6 조건 미충족
조선대학교,교양사회과학부,학교 유사도 0.8 또는 학과 유사도 0.6 조건 미충족
조선대학교,교양인문학부,학교 유사도 0.8 또는 학과 유사도 0.6 조건 미충족
조선대학교,교양자연과학부,학교 유사도 0.8 또는 학과 유사도 0.6 조건 미충족
조선대학교,기타아시아어학과,학교 유사도 0.8 또는 학과 유사도 0.6 조건 미충족
조선대학교,기타유럽어학과,학교 유사도 0.8 또는 학과 유사도 0.6 조건 미충족
조선대학교,문예창작학과,학교 유사도 0.8 또는 학과 유사도 0.6 조건 미충족
조선대학교,보건관리학과,학교 유사도 0.8 또는 학과 유사도 0.6 조건 미충족
조선이공대학교,건축과,학교 유사도 0.8 또는 학과 유사도 0.6 조건 미충족
조선이공대학교,게임콘텐츠과,학교 유사도 0.8 또는 학과 유사도 0.6 조건 미충족
조선이공대학교,기계과,학교 유사도 0.8 또는 학과 유사도 0.6 조건 미충족
조선이공대학교,기계설계과,학교 유사도 0.8 또는 학과 유사도 0.6 조건 미충족
조선이공대학교,보건행정과,학교 유사도 0.8 또는 학과 유사도 0.6 조건 미충족
중부대학교,게임공학과,학교 유사도 0.8 또는 학과 유사도 0.6 조건 미충족
중부대학교,교양인문학부,학교 유사도 0.8 또는 학과 유사도 0.6 조건 미충족
중앙대학교,건축공학과,학교 유사도 0.8 또는 학과 유사도 0.6 조건 미충족
중앙대학교,건축학과,학교 유사도 0.8 또는 학과 유사도 0.6 조건 미충족
중앙대학교,경영학과,학교 유사도 0.8 또는 학과 유사도 0.6 조건 미충족
중앙대학교,경제학과,학교 유사도 0.8 또는 학과 유사도 0.6 조건 미충족
중앙대학교,고고학과,학교 유사도 0.8 또는 학과 유사도 0.6 조건 미충족
중앙대학교,광고홍보학과,학교 유사도 0.8 또는 학과 유사도 0.6 조건 미충족
중앙대학교,교양공학부,학교 유사도 0.8 또는 학과 유사도 0.6 조건 미충족
중앙대학교,교양사회과학부,학교 유사도 0.8 또는 학과 유사도 0.6 조건 미충족
중앙대학교,교양인문학부,학교 유사도 0.8 또는 학과 유사도 0.6 조건 미충족
중앙대학교,교양자연과학부,학교 유사도 0.8 또는 학과 유사도 0.6 조건 미충족
중앙대학교,교육학과,학교 유사도 0.8 또는 학과 유사도 0.6 조건 미충족
중앙대학교,국어국문학과,학교 유사도 0.8 또는 학과 유사도 0.6 조건 미충족
중앙대학교,국제문화정보학과,학교 유사도 0.8 또는 학과 유사도 0.6 조건 미충족
중앙대학교,국제학부,학교 유사도 0.8 또는 학과 유사도 0.6 조건 미충족
중앙대학교,기계공학과,학교 유사도 0.8 또는 학과 유사도 0.6 조건 미충족
중앙대학교,독어독문학과,학교 유사도 0.8 또는 학과 유사도 0.6 조건 미충족
중앙대학교,러시아어문학과,학교 유사도 0.8 또는 학과 유사도 0.6 조건 미충족
중앙대학교,문예창작학과,학교 유사도 0.8 또는 학과 유사도 0.6 조건 미충족
중앙대학교,문헌정보학과,학교 유사도 0.8 또는 학과 유사도 0.6 조건 미충족
중앙대학교,생명공학과,학교 유사도 0.8 또는 학과 유사도 0.6 조건 미충족
중앙대학교,생명과학과,학교 유사도 0.8 또는 학과 유사도 0.6 조건 미충족
중앙대학교,약학부,학교 유사도 0.8 또는 학과 유사도 0.6 조건 미충족
중원대학교,교양공학부,학교 유사도 0.8 또는 학과 유사도 0.6 조건 미충족
중원대학교,교양사회과학부,학교 유사도 0.8 또는 학과 유사도 0.6 조건 미충족
중원대학교,국제통상학과,학교 유사도 0.8 또는 학과 유사도 0.6 조건 미충족
중원대학교,군사학과,학교 유사도 0.8 또는 학과 유사도 0.6 조건 미충족
중원대학교,생물학과,학교 유사도 0.8 또는 학과 유사도 0.6 조건 미충족
중원대학교,의료정보공학과,학교 유사도 0.8 또는 학과 유사도 0.6 조건 미충족
진주교육대학교,가정교육과,학교 유사도 0.8 또는 학과 유사도 0.6 조건 미충족
진주교육대학교,과학교육과,학교 유사도 0.8 또는 학과 유사도 0.6 조건 미충족
진주교육대학교,교육학과,학교 유사도 0.8 또는 학과 유사도 0.6 조건 미충족
진주교육대학교,국어교육과,학교 유사도 0.8 또는 학과 유사도 0.6 조건 미충족
진주교육대학교,미술교육과,학교 유사도 0.8 또는 학과 유사도 0.6 조건 미충족
진주교육대학교,사회교육과,학교 유사도 0.8 또는 학과 유사도 0.6 조건 미충족
진주교육대학교,수학교육과,학교 유사도 0.8 또는 학과 유사도 0.6 조건 미충족
진주보건대학교,간호과,학교 유사도 0.8 또는 학과 유사도 0.6 조건 미충족
진주보건대학교,보건행정과,학교 유사도 0.8 또는 학과 유사도 0.6 조건 미충족
차의과학대학교,교양사회과학부,학교 유사도 0.8 또는 학과 유사도 0.6 조건 미충족
차의과학대학교,교양인문학부,학교 유사도 0.8 또는 학과 유사도 0.6 조건 미충족
차의과학대학교,보건관리학과,학교 유사도 0.8 또는 학과 유사도 0.6 조건 미충족
차의과학대학교,생명공학과,학교 유사도 0.8 또는 학과 유사도 0.6 조건 미충족
차의과학대학교,약학부,학교 유사도 0.8 또는 학과 유사도 0.6 조건 미충족
차의과학대학교,예술치료학과,학교 유사도 0.8 또는 학과 유사도 0.6 조건 미충족
창신대학교,교양인문학부,학교 유사도 0.8 또는 학과 유사도 0.6 조건 미충족
창원문성대학교,간호과,학교 유사도 0.8 또는 학과 유사도 0.6 조건 미충족
창원문성대학교,건축과,학교 유사도 0.8 또는 학과 유사도 0.6 조건 미충족
창원문성대학교,기계과,학교 유사도 0.8 또는 학과 유사도 0.6 조건 미충족
창원문성대학교,문헌정보과,학교 유사도 0.8 또는 학과 유사도 0.6 조건 미충족
창원문성대학교,보건행정과,학교 유사도 0.8 또는 학과 유사도 0.6 조건 미충족
청강문화산업대학교,게임콘텐츠과,학교 유사도 0.8 또는 학과 유사도 0.6 조건 미충족
청강문화산업대학교,문예창작과,학교 유사도 0.8 또는 학과 유사도 0.6 조건 미충족
청암대학교,반려동물과,학교 유사도 0.8 또는 학과 유사도 0.6 조건 미충족
청암대학교,보건행정과,학교 유사도 0.8 또는 학과 유사도 0.6 조건 미충족
청암대학교,산업안전과,학교 유사도 0.8 또는 학과 유사도 0.6 조건 미충족
청암대학교,소방안전관리과,학교 유사도 0.8 또는 학과 유사도 0.6 조건 미충족
청암대학교,응급구조과,학교 유사도 0.8 또는 학과 유사도 0.6 조건 미충족
청암대학교,의료정보시스템과,학교 유사도 0.8 또는 학과 유사도 0.6 조건 미충족
청운대학교,교양공학부,학교 유사도 0.8 또는 학과 유사도 0.6 조건 미충족
청운대학교,교양사회과학부,학교 유사도 0.8 또는 학과 유사도 0.6 조건 미충족
청운대학교,국제지역학과,학교 유사도 0.8 또는 학과 유사도 0.6 조건 미충족
청운대학교,기타아시아어학과,학교 유사도 0.8 또는 학과 유사도 0.6 조건 미충족
청주대학교,교양사회과학부,학교 유사도 0.8 또는 학과 유사도 0.6 조건 미충족
청주대학교,교양인문학부,학교 유사도 0.8 또는 학과 유사도 0.6 조건 미충족
초당대학교,건축학과,학교 유사도 0.8 또는 학과 유사도 0.6 조건 미충족
초당대학교,교양사회과학부,학교 유사도 0.8 또는 학과 유사도 0.6 조건 미충족
초당대학교,교양인문학부,학교 유사도 0.8 또는 학과 유사도 0.6 조건 미충족
초당대학교,국제학부,학교 유사도 0.8 또는 학과 유사도 0.6 조건 미충족
초당대학교,기계공학과,학교 유사도 0.8 또는 학과 유사도 0.6 조건 미충족
총신대학교,교양인문학부,학교 유사도 0.8 또는 학과 유사도 0.6 조건 미충족
추계예술대학교,경영학과,학교 유사도 0.8 또는 학과 유사도 0.6 조건 미충족
추계예술대학교,교양인문학부,학교 유사도 0.8 또는 학과 유사도 0.6 조건 미충족
추계예술대학교,문예창작학과,학교 유사도 0.8 또는 학과 유사도 0.6 조건 미충족
춘해보건대학교,간호과,학교 유사도 0.8 또는 학과 유사도 0.6 조건 미충족
춘해보건대학교,물리치료과,학교 유사도 0.8 또는 학과 유사도 0.6 조건 미충족
춘해보건대학교,방사선과,학교 유사도 0.8 또는 학과 유사도 0.6 조건 미충족
춘해보건대학교,보건행정과,학교 유사도 0.8 또는 학과 유사도 0.6 조건 미충족
춘해보건대학교,언어재활과,학교 유사도 0.8 또는 학과 유사도 0.6 조건 미충족
춘해보건대학교,응급구조과,학교 유사도 0.8 또는 학과 유사도 0.6 조건 미충족
춘해보건대학교,의료보장구과,학교 유사도 0.8 또는 학과 유사도 0.6 조건 미충족
충남대학교,교양인문학부,학교 유사도 0.8 또는 학과 유사도 0.6 조건 미충족
충남도립대학교,건설정보과,학교 유사도 0.8 또는 학과 유사도 0.6 조건 미충족
충남도립대학교,경찰행정과,학교 유사도 0.8 또는 학과 유사도 0.6 조건 미충족
충남도립대학교,농수산과,학교 유사도 0.8 또는 학과 유사도 0.6 조건 미충족
충남도립대학교,보건환경과,학교 유사도 0.8 또는 학과 유사도 0.6 조건 미충족
충남도립대학교,소방안전관리과,학교 유사도 0.8 또는 학과 유사도 0.6 조건 미충족
충북도립대학교,기계과,학교 유사도 0.8 또는 학과 유사도 0.6 조건 미충족
충북도립대학교,바이오생명정보과,학교 유사도 0.8 또는 학과 유사도 0.6 조건 미충족
충북도립대학교,보건환경과,학교 유사도 0.8 또는 학과 유사도 0.6 조건 미충족
충북보건과학대학교,간호과,학교 유사도 0.8 또는 학과 유사도 0.6 조건 미충족
충북보건과학대학교,경찰행정과,학교 유사도 0.8 또는 학과 유사도 0.6 조건 미충족
충북보건과학대학교,기계과,학교 유사도 0.8 또는 학과 유사도 0.6 조건 미충족
충북보건과학대학교,물리치료과,학교 유사도 0.8 또는 학과 유사도 0.6 조건 미충족
충북보건과학대학교,바이오동물과,학교 유사도 0.8 또는 학과 유사도 0.6 조건 미충족
충북보건과학대학교,바이오생명정보과,학교 유사도 0.8 또는 학과 유사도 0.6 조건 미충족
충북보건과학대학교,방사선과,학교 유사도 0.8 또는 학과 유사도 0.6 조건 미충족
충북보건과학대학교,보건행정과,학교 유사도 0.8 또는 학과 유사도 0.6 조건 미충족
충북보건과학대학교,응급구조과,학교 유사도 0.8 또는 학과 유사도 0.6 조건 미충족
충청대학교,건설정보과,학교 유사도 0.8 또는 학과 유사도 0.6 조건 미충족
충청대학교,경영회계정보과,학교 유사도 0.8 또는 학과 유사도 0.6 조건 미충족
충청대학교,교양과,학교 유사도 0.8 또는 학과 유사도 0.6 조건 미충족
충청대학교,기계과,학교 유사도 0.8 또는 학과 유사도 0.6 조건 미충족
충청대학교,반려동물과,학교 유사도 0.8 또는 학과 유사도 0.6 조건 미충족
충청대학교,보건행정과,학교 유사도 0.8 또는 학과 유사도 0.6 조건 미충족
충청대학교,소방안전관리과,학교 유사도 0.8 또는 학과 유사도 0.6 조건 미충족
충청대학교,응급구조과,학교 유사도 0.8 또는 학과 유사도 0.6 조건 미충족
충청대학교,의료보장구과,학교 유사도 0.8 또는 학과 유사도 0.6 조건 미충족
충청대학교,의료정보시스템과,학교 유사도 0.8 또는 학과 유사도 0.6 조건 미충족
칼빈대학교,국제문화정보학과,학교 유사도 0.8 또는 학과 유사도 0.6 조건 미충족
평택대학교,간호학과,학교 유사도 0.8 또는 학과 유사도 0.6 조건 미충족
평택대학교,교양인문학부,학교 유사도 0.8 또는 학과 유사도 0.6 조건 미충족
평택대학교,교양자연과학부,학교 유사도 0.8 또는 학과 유사도 0.6 조건 미충족
포항공과대학교,교양공학부,학교 유사도 0.8 또는 학과 유사도 0.6 조건 미충족
포항공과대학교,교양인문학부,학교 유사도 0.8 또는 학과 유사도 0.6 조건 미충족
포항공과대학교,기계공학과,학교 유사도 0.8 또는 학과 유사도 0.6 조건 미충족
포항공과대학교,물리학과,학교 유사도 0.8 또는 학과 유사도 0.6 조건 미충족
포항공과대학교,생명과학과,학교 유사도 0.8 또는 학과 유사도 0.6 조건 미충족
포항대학교,경영정보과,학교 유사도 0.8 또는 학과 유사도 0.6 조건 미충족
포항대학교,국방기술과,학교 유사도 0.8 또는 학과 유사도 0.6 조건 미충족
포항대학교,기계과,학교 유사도 0.8 또는 학과 유사도 0.6 조건 미충족
포항대학교,물리치료과,학교 유사도 0.8 또는 학과 유사도 0.6 조건 미충족
포항대학교,보건행정과,학교 유사도 0.8 또는 학과 유사도 0.6 조건 미충족
포항대학교,소방안전관리과,학교 유사도 0.8 또는 학과 유사도 0.6 조건 미충족
포항대학교,응급구조과,학교 유사도 0.8 또는 학과 유사도 0.6 조건 미충족
한경국립대학교,교양경상학부,학교 유사도 0.8 또는 학과 유사도 0.6 조건 미충족
한경국립대학교,교양사회과학부,학교 유사도 0.8 또는 학과 유사도 0.6 조건 미충족
한경국립대학교,교양생활과학부,학교 유사도 0.8 또는 학과 유사도 0.6 조건 미충족
한경국립대학교,교양인문학부,학교 유사도 0.8 또는 학과 유사도 0.6 조건 미충족
한경국립대학교,동물자원학과,학교 유사도 0.8 또는 학과 유사도 0.6 조건 미충족
한경국립대학교,문예창작학과,학교 유사도 0.8 또는 학과 유사도 0.6 조건 미충족
한국공학대학교,교양공학부,학교 유사도 0.8 또는 학과 유사도 0.6 조건 미충족
한국과학기술원,경영학과,학교 유사도 0.8 또는 학과 유사도 0.6 조건 미충족
한국과학기술원,교양공학부,학교 유사도 0.8 또는 학과 유사도 0.6 조건 미충족
한국과학기술원,교양인문학부,학교 유사도 0.8 또는 학과 유사도 0.6 조건 미충족
한국과학기술원,교양자연과학부,학교 유사도 0.8 또는 학과 유사도 0.6 조건 미충족
한국과학기술원,기계공학과,학교 유사도 0.8 또는 학과 유사도 0.6 조건 미충족
한국과학기술원,물리학과,학교 유사도 0.8 또는 학과 유사도 0.6 조건 미충족
한국과학기술원,생명공학과,학교 유사도 0.8 또는 학과 유사도 0.6 조건 미충족
한국과학기술원,생명과학과,학교 유사도 0.8 또는 학과 유사도 0.6 조건 미충족
한국관광대학교,관광경영과,학교 유사도 0.8 또는 학과 유사도 0.6 조건 미충족
한국교원대학교,가정교육과,학교 유사도 0.8 또는 학과 유사도 0.6 조건 미충족
한국교원대학교,국어교육과,학교 유사도 0.8 또는 학과 유사도 0.6 조건 미충족
한국교원대학교,기술교육과,학교 유사도 0.8 또는 학과 유사도 0.6 조건 미충족
한국교원대학교,독일어교육과,학교 유사도 0.8 또는 학과 유사도 0.6 조건 미충족
한국교원대학교,물리교육과,학교 유사도 0.8 또는 학과 유사도 0.6 조건 미충족
한국교원대학교,미술교육과,학교 유사도 0.8 또는 학과 유사도 0.6 조건 미충족
한국교원대학교,불어교육과,학교 유사도 0.8 또는 학과 유사도 0.6 조건 미충족
한국교원대학교,생물교육과,학교 유사도 0.8 또는 학과 유사도 0.6 조건 미충족
한국교원대학교,수학교육과,학교 유사도 0.8 또는 학과 유사도 0.6 조건 미충족
한국교원대학교,역사교육과,학교 유사도 0.8 또는 학과 유사도 0.6 조건 미충족
한국기술교육대학교,건축공학과,학교 유사도 0.8 또는 학과 유사도 0.6 조건 미충족
한국기술교육대학교,건축학과,학교 유사도 0.8 또는 학과 유사도 0.6 조건 미충족
한국기술교육대학교,경영학과,학교 유사도 0.8 또는 학과 유사도 0.6 조건 미충족
한국기술교육대학교,교양공학부,학교 유사도 0.8 또는 학과 유사도 0.6 조건 미충족
한국기술교육대학교,교양인문학부,학교 유사도 0.8 또는 학과 유사도 0.6 조건 미충족
한국기술교육대학교,기계설계공학과,학교 유사도 0.8 또는 학과 유사도 0.6 조건 미충족
한국농수산대학교,교양과,학교 유사도 0.8 또는 학과 유사도 0.6 조건 미충족
한국농수산대학교,농수산과,학교 유사도 0.8 또는 학과 유사도 0.6 조건 미충족
한국농수산대학교,바이오생명정보과,학교 유사도 0.8 또는 학과 유사도 0.6 조건 미충족
한국농수산대학교,반려동물과,학교 유사도 0.8 또는 학과 유사도 0.6 조건 미충족
한국방송통신대학교,간호학과,학교 유사도 0.8 또는 학과 유사도 0.6 조건 미충족
한국방송통신대학교,경영학과,학교 유사도 0.8 또는 학과 유사도 0.6 조건 미충족
한국방송통신대학교,경제학과,학교 유사도 0.8 또는 학과 유사도 0.6 조건 미충족
한국방송통신대학교,관광경영학과,학교 유사도 0.8 또는 학과 유사도 0.6 조건 미충족
한국방송통신대학교,교양생활과학부,학교 유사도 0.8 또는 학과 유사도 0.6 조건 미충족
한국방송통신대학교,교양인문학부,학교 유사도 0.8 또는 학과 유사도 0.6 조건 미충족
한국방송통신대학교,교육학과,학교 유사도 0.8 또는 학과 유사도 0.6 조건 미충족
한국방송통신대학교,국어국문학과,학교 유사도 0.8 또는 학과 유사도 0.6 조건 미충족
한국방송통신대학교,농공학과,학교 유사도 0.8 또는 학과 유사도 0.6 조건 미충족
한국방송통신대학교,보건관리학과,학교 유사도 0.8 또는 학과 유사도 0.6 조건 미충족
한국복지사이버대학,경영정보과,학교 유사도 0.8 또는 학과 유사도 0.6 조건 미충족
한국복지사이버대학,경찰행정과,학교 유사도 0.8 또는 학과 유사도 0.6 조건 미충족
한국복지사이버대학,교양과,학교 유사도 0.8 또는 학과 유사도 0.6 조건 미충족
한국복지사이버대학,농수산과,학교 유사도 0.8 또는 학과 유사도 0.6 조건 미충족
한국복지사이버대학,문화재과,학교 유사도 0.8 또는 학과 유사도 0.6 조건 미충족
한국복지사이버대학,반려동물과,학교 유사도 0.8 또는 학과 유사도 0.6 조건 미충족
한국성서대학교,교양사회과학부,학교 유사도 0.8 또는 학과 유사도 0.6 조건 미충족
한국승강기대학교,기계과,학교 유사도 0.8 또는 학과 유사도 0.6 조건 미충족
한국열린사이버대학교,경영학과,학교 유사도 0.8 또는 학과 유사도 0.6 조건 미충족
한국열린사이버대학교,교양인문학부,학교 유사도 0.8 또는 학과 유사도 0.6 조건 미충족
한국열린사이버대학교,군사학과,학교 유사도 0.8 또는 학과 유사도 0.6 조건 미충족
한국열린사이버대학교,보건관리학과,학교 유사도 0.8 또는 학과 유사도 0.6 조건 미충족
한국열린사이버대학교,산림자원학과,학교 유사도 0.8 또는 학과 유사도 0.6 조건 미충족
한국영상대학교,게임콘텐츠과,학교 유사도 0.8 또는 학과 유사도 0.6 조건 미충족
한국영상대학교,경찰행정과,학교 유사도 0.8 또는 학과 유사도 0.6 조건 미충족
한국영상대학교,교양과,학교 유사도 0.8 또는 학과 유사도 0.6 조건 미충족
한국영상대학교,문예창작과,학교 유사도 0.8 또는 학과 유사도 0.6 조건 미충족
한국예술종합학교,건축학과,학교 유사도 0.8 또는 학과 유사도 0.6 조건 미충족
한국예술종합학교,문예창작학과,학교 유사도 0.8 또는 학과 유사도 0.6 조건 미충족
한국외국어대학교,경영정보학과,학교 유사도 0.8 또는 학과 유사도 0.6 조건 미충족
한국외국어대학교,경영학과,학교 유사도 0.8 또는 학과 유사도 0.6 조건 미충족
한국외국어대학교,경제학과,학교 유사도 0.8 또는 학과 유사도 0.6 조건 미충족
한국외국어대학교,관광경영학과,학교 유사도 0.8 또는 학과 유사도 0.6 조건 미충족
한국외국어대학교,광고홍보학과,학교 유사도 0.8 또는 학과 유사도 0.6 조건 미충족
한국외국어대학교,교양사회과학부,학교 유사도 0.8 또는 학과 유사도 0.6 조건 미충족
한국외국어대학교,교양인문학부,학교 유사도 0.8 또는 학과 유사도 0.6 조건 미충족
한국외국어대학교,교육학과,학교 유사도 0.8 또는 학과 유사도 0.6 조건 미충족
한국외국어대학교,국어교육과,학교 유사도 0.8 또는 학과 유사도 0.6 조건 미충족
한국외국어대학교,국어국문학과,학교 유사도 0.8 또는 학과 유사도 0.6 조건 미충족
한국외국어대학교,국제지역학과,학교 유사도 0.8 또는 학과 유사도 0.6 조건 미충족
한국외국어대학교,국제통상학과,학교 유사도 0.8 또는 학과 유사도 0.6 조건 미충족
한국외국어대학교,국제학부,학교 유사도 0.8 또는 학과 유사도 0.6 조건 미충족
한국외국어대학교,기타아시아어학과,학교 유사도 0.8 또는 학과 유사도 0.6 조건 미충족
한국외국어대학교,기타유럽어학과,학교 유사도 0.8 또는 학과 유사도 0.6 조건 미충족
한국외국어대학교,독어독문학과,학교 유사도 0.8 또는 학과 유사도 0.6 조건 미충족
한국외국어대학교,독일어교육과,학교 유사도 0.8 또는 학과 유사도 0.6 조건 미충족
한국외국어대학교,러시아어문학과,학교 유사도 0.8 또는 학과 유사도 0.6 조건 미충족
한국외국어대학교,러시아학과,학교 유사도 0.8 또는 학과 유사도 0.6 조건 미충족
한국외국어대학교,물리학과,학교 유사도 0.8 또는 학과 유사도 0.6 조건 미충족
한국외국어대학교,불어교육과,학교 유사도 0.8 또는 학과 유사도 0.6 조건 미충족
한국외국어대학교,생명공학과,학교 유사도 0.8 또는 학과 유사도 0.6 조건 미충족
한국전통문화대학교,건축학과,학교 유사도 0.8 또는 학과 유사도 0.6 조건 미충족
한국전통문화대학교,고고학과,학교 유사도 0.8 또는 학과 유사도 0.6 조건 미충족
한국전통문화대학교,교양인문학부,학교 유사도 0.8 또는 학과 유사도 0.6 조건 미충족
한국침례신학대학교,교양인문학부,학교 유사도 0.8 또는 학과 유사도 0.6 조건 미충족
한국침례신학대학교,교육학과,학교 유사도 0.8 또는 학과 유사도 0.6 조건 미충족
한국폴리텍 I 대학 서울강서캠퍼스,의료정보시스템과,학교 유사도 0.8 또는 학과 유사도 0.6 조건 미충족
한국폴리텍 I 대학 서울정수캠퍼스,기계과,학교 유사도 0.8 또는 학과 유사도 0.6 조건 미충족
한국폴리텍 I 대학 서울정수캠퍼스,기계설계과,학교 유사도 0.8 또는 학과 유사도 0.6 조건 미충족
한국폴리텍 I 대학 성남캠퍼스,금형설계과,학교 유사도 0.8 또는 학과 유사도 0.6 조건 미충족
한국폴리텍 I 대학 성남캠퍼스,기계과,학교 유사도 0.8 또는 학과 유사도 0.6 조건 미충족
한국폴리텍 II 대학 인천캠퍼스,건축설비과,학교 유사도 0.8 또는 학과 유사도 0.6 조건 미충족
한국폴리텍 II 대학 인천캠퍼스,금형설계과,학교 유사도 0.8 또는 학과 유사도 0.6 조건 미충족
한국폴리텍 II 대학 인천캠퍼스,기계과,학교 유사도 0.8 또는 학과 유사도 0.6 조건 미충족
한국폴리텍 III 대학 강릉캠퍼스,기계과,학교 유사도 0.8 또는 학과 유사도 0.6 조건 미충족
한국폴리텍 III 대학 원주캠퍼스,기계과,학교 유사도 0.8 또는 학과 유사도 0.6 조건 미충족
한국폴리텍 III 대학 원주캠퍼스,의료보장구과,학교 유사도 0.8 또는 학과 유사도 0.6 조건 미충족
한국폴리텍 IV 대학 대전캠퍼스,기계과,학교 유사도 0.8 또는 학과 유사도 0.6 조건 미충족
한국폴리텍 IV 대학 아산캠퍼스,기계과,학교 유사도 0.8 또는 학과 유사도 0.6 조건 미충족
한국폴리텍 IV 대학 청주캠퍼스,기계과,학교 유사도 0.8 또는 학과 유사도 0.6 조건 미충족
한국폴리텍 IV 대학 충남캠퍼스,건축설비과,학교 유사도 0.8 또는 학과 유사도 0.6 조건 미충족
한국폴리텍 IV 대학 충남캠퍼스,기계과,학교 유사도 0.8 또는 학과 유사도 0.6 조건 미충족
한국폴리텍 IV 대학 충남캠퍼스,기계설계과,학교 유사도 0.8 또는 학과 유사도 0.6 조건 미충족
한국폴리텍 V 대학 광주캠퍼스,금형설계과,학교 유사도 0.8 또는 학과 유사도 0.6 조건 미충족
한국폴리텍 V 대학 광주캠퍼스,기계과,학교 유사도 0.8 또는 학과 유사도 0.6 조건 미충족
한국폴리텍 V 대학 광주캠퍼스,기계설계과,학교 유사도 0.8 또는 학과 유사도 0.6 조건 미충족
한국폴리텍 V 대학 익산캠퍼스,기계과,학교 유사도 0.8 또는 학과 유사도 0.6 조건 미충족
한국폴리텍 V 대학 전남캠퍼스,기계과,학교 유사도 0.8 또는 학과 유사도 0.6 조건 미충족
한국폴리텍 V 대학 전북캠퍼스,기계과,학교 유사도 0.8 또는 학과 유사도 0.6 조건 미충족
한국폴리텍 V 대학 전북캠퍼스,농수산과,학교 유사도 0.8 또는 학과 유사도 0.6 조건 미충족
한국폴리텍 VI 대학 구미캠퍼스,기계과,학교 유사도 0.8 또는 학과 유사도 0.6 조건 미충족
한국폴리텍 VI 대학 대구캠퍼스,금형설계과,학교 유사도 0.8 또는 학과 유사도 0.6 조건 미충족
한국폴리텍 VI 대학 대구캠퍼스,기계과,학교 유사도 0.8 또는 학과 유사도 0.6 조건 미충족
한국폴리텍 VI 대학 영남융합기술캠퍼스,바이오생명정보과,학교 유사도 0.8 또는 학과 유사도 0.6 조건 미충족
한국폴리텍 VII 대학 부산캠퍼스,금형설계과,학교 유사도 0.8 또는 학과 유사도 0.6 조건 미충족
한국폴리텍 VII 대학 부산캠퍼스,기계과,학교 유사도 0.8 또는 학과 유사도 0.6 조건 미충족
한국폴리텍 VII 대학 울산캠퍼스,건축설비과,학교 유사도 0.8 또는 학과 유사도 0.6 조건 미충족
한국폴리텍 VII 대학 울산캠퍼스,기계과,학교 유사도 0.8 또는 학과 유사도 0.6 조건 미충족
한국폴리텍 VII 대학 울산캠퍼스,산업안전과,학교 유사도 0.8 또는 학과 유사도 0.6 조건 미충족
한국폴리텍 VII 대학 진주캠퍼스,기계과,학교 유사도 0.8 또는 학과 유사도 0.6 조건 미충족
한국폴리텍 VII 대학 창원캠퍼스,금형설계과,학교 유사도 0.8 또는 학과 유사도 0.6 조건 미충족
한국폴리텍 VII 대학 창원캠퍼스,기계과,학교 유사도 0.8 또는 학과 유사도 0.6 조건 미충족
한국폴리텍 특성화대학 바이오캠퍼스,바이오생명정보과,학교 유사도 0.8 또는 학과 유사도 0.6 조건 미충족
한국항공대학교,교양공학부,학교 유사도 0.8 또는 학과 유사도 0.6 조건 미충족
한국항공대학교,교양인문학부,학교 유사도 0.8 또는 학과 유사도 0.6 조건 미충족
한남대학교,교양공학부,학교 유사도 0.8 또는 학과 유사도 0.6 조건 미충족
한남대학교,교양사회과학부,학교 유사도 0.8 또는 학과 유사도 0.6 조건 미충족
한남대학교,교양자연과학부,학교 유사도 0.8 또는 학과 유사도 0.6 조건 미충족
한동대학교,교양공학부,학교 유사도 0.8 또는 학과 유사도 0.6 조건 미충족
한라대학교,교양공학부,학교 유사도 0.8 또는 학과 유사도 0.6 조건 미충족
한림대학교,교양자연과학부,학교 유사도 0.8 또는 학과 유사도 0.6 조건 미충족
한림대학교,국제학부,학교 유사도 0.8 또는 학과 유사도 0.6 조건 미충족
한림대학교,언어치료학과,학교 유사도 0.8 또는 학과 유사도 0.6 조건 미충족
한림성심대학교,건축과,학교 유사도 0.8 또는 학과 유사도 0.6 조건 미충족
한림성심대학교,경영정보과,학교 유사도 0.8 또는 학과 유사도 0.6 조건 미충족
한림성심대학교,경영회계정보과,학교 유사도 0.8 또는 학과 유사도 0.6 조건 미충족
한림성심대학교,관광경영과,학교 유사도 0.8 또는 학과 유사도 0.6 조건 미충족
한림성심대학교,교양과,학교 유사도 0.8 또는 학과 유사도 0.6 조건 미충족
한림성심대학교,물리치료과,학교 유사도 0.8 또는 학과 유사도 0.6 조건 미충족
한림성심대학교,방사선과,학교 유사도 0.8 또는 학과 유사도 0.6 조건 미충족
한림성심대학교,보건환경과,학교 유사도 0.8 또는 학과 유사도 0.6 조건 미충족
한림성심대학교,의료보장구과,학교 유사도 0.8 또는 학과 유사도 0.6 조건 미충족
한서대학교,국제지역학과,학교 유사도 0.8 또는 학과 유사도 0.6 조건 미충족
한서대학교,국제학부,학교 유사도 0.8 또는 학과 유사도 0.6 조건 미충족
한서대학교,보건관리학과,학교 유사도 0.8 또는 학과 유사도 0.6 조건 미충족
한성대학교,교양공학부,학교 유사도 0.8 또는 학과 유사도 0.6 조건 미충족
한신대학교,교양공학부,학교 유사도 0.8 또는 학과 유사도 0.6 조건 미충족
한신대학교,교양사회과학부,학교 유사도 0.8 또는 학과 유사도 0.6 조건 미충족
한신대학교,교양자연과학부,학교 유사도 0.8 또는 학과 유사도 0.6 조건 미충족
한신대학교,국제지역학과,학교 유사도 0.8 또는 학과 유사도 0.6 조건 미충족
한신대학교,국제학부,학교 유사도 0.8 또는 학과 유사도 0.6 조건 미충족
한양대학교,교양자연과학부,학교 유사도 0.8 또는 학과 유사도 0.6 조건 미충족
한양대학교,국제지역학과,학교 유사도 0.8 또는 학과 유사도 0.6 조건 미충족
한양대학교 ERICA캠퍼스,광고홍보학과,학교 유사도 0.8 또는 학과 유사도 0.6 조건 미충족
한양대학교 ERICA캠퍼스,교양인문학부,학교 유사도 0.8 또는 학과 유사도 0.6 조건 미충족
한양대학교 ERICA캠퍼스,교양자연과학부,학교 유사도 0.8 또는 학과 유사도 0.6 조건 미충족
한양대학교 ERICA캠퍼스,국방기술학과,학교 유사도 0.8 또는 학과 유사도 0.6 조건 미충족
한양대학교 ERICA캠퍼스,약학부,학교 유사도 0.8 또는 학과 유사도 0.6 조건 미충족
한양사이버대학교,건축학과,학교 유사도 0.8 또는 학과 유사도 0.6 조건 미충족
한양사이버대학교,경영정보학과,학교 유사도 0.8 또는 학과 유사도 0.6 조건 미충족
한양사이버대학교,경영학과,학교 유사도 0.8 또는 학과 유사도 0.6 조건 미충족
한양사이버대학교,경제학과,학교 유사도 0.8 또는 학과 유사도 0.6 조건 미충족
한양사이버대학교,관광경영학과,학교 유사도 0.8 또는 학과 유사도 0.6 조건 미충족
한양사이버대학교,광고홍보학과,학교 유사도 0.8 또는 학과 유사도 0.6 조건 미충족
한양사이버대학교,교양사회과학부,학교 유사도 0.8 또는 학과 유사도 0.6 조건 미충족
한양사이버대학교,교육공학과,학교 유사도 0.8 또는 학과 유사도 0.6 조건 미충족
한양사이버대학교,국방기술학과,학교 유사도 0.8 또는 학과 유사도 0.6 조건 미충족
한양사이버대학교,기계공학과,학교 유사도 0.8 또는 학과 유사도 0.6 조건 미충족
한양사이버대학교,예술치료학과,학교 유사도 0.8 또는 학과 유사도 0.6 조건 미충족
한양여자대학교,경영정보과,학교 유사도 0.8 또는 학과 유사도 0.6 조건 미충족
한양여자대학교,관광경영과,학교 유사도 0.8 또는 학과 유사도 0.6 조건 미충족
한양여자대학교,문예창작과,학교 유사도 0.8 또는 학과 유사도 0.6 조건 미충족
한양여자대학교,보건행정과,학교 유사도 0.8 또는 학과 유사도 0.6 조건 미충족
한영대학교,교양과,학교 유사도 0.8 또는 학과 유사도 0.6 조건 미충족
한일장신대학교,교양인문학부,학교 유사도 0.8 또는 학과 유사도 0.6 조건 미충족
협성대학교,교양인문학부,학교 유사도 0.8 또는 학과 유사도 0.6 조건 미충족
혜전대학교,농수산과,학교 유사도 0.8 또는 학과 유사도 0.6 조건 미충족
혜전대학교,반려동물과,학교 유사도 0.8 또는 학과 유사도 0.6 조건 미충족
혜전대학교,소방안전관리과,학교 유사도 0.8 또는 학과 유사도 0.6 조건 미충족
혜전대학교,언어재활과,학교 유사도 0.8 또는 학과 유사도 0.6 조건 미충족
혜전대학교,의료정보시스템과,학교 유사도 0.8 또는 학과 유사도 0.6 조건 미충족
호남대학교,교양사회과학부,학교 유사도 0.8 또는 학과 유사도 0.6 조건 미충족
호남대학교,교양인문학부,학교 유사도 0.8 또는 학과 유사도 0.6 조건 미충족
호남대학교,교양자연과학부,학교 유사도 0.8 또는 학과 유사도 0.6 조건 미충족
호남대학교,보건관리학과,학교 유사도 0.8 또는 학과 유사도 0.6 조건 미충족
호산대학교,건축설비과,학교 유사도 0.8 또는 학과 유사도 0.6 조건 미충족
호산대학교,기계과,학교 유사도 0.8 또는 학과 유사도 0.6 조건 미충족
호산대학교,방사선과,학교 유사도 0.8 또는 학과 유사도 0.6 조건 미충족
호산대학교,소방안전관리과,학교 유사도 0.8 또는 학과 유사도 0.6 조건 미충족
호서대학교,교양인문학부,학교 유사도 0.8 또는 학과 유사도 0.6 조건 미충족
호서대학교,국제학부,학교 유사도 0.8 또는 학과 유사도 0.6 조건 미충족
호원대학교,게임공학과,학교 유사도 0.8 또는 학과 유사도 0.6 조건 미충족
홍익대학교,경영학과,학교 유사도 0.8 또는 학과 유사도 0.6 조건 미충족
홍익대학교,경제학과,학교 유사도 0.8 또는 학과 유사도 0.6 조건 미충족
홍익대학교,교양인문학부,학교 유사도 0.8 또는 학과 유사도 0.6 조건 미충족
홍익대학교,교육학과,학교 유사도 0.8 또는 학과 유사도 0.6 조건 미충족
홍익대학교,국어교육과,학교 유사도 0.8 또는 학과 유사도 0.6 조건 미충족
홍익대학교,국어국문학과,학교 유사도 0.8 또는 학과 유사도 0.6 조건 미충족
홍익대학교,독어독문학과,학교 유사도 0.8 또는 학과 유사도 0.6 조건 미충족
홍익대학교,수학교육과,학교 유사도 0.8 또는 학과 유사도 0.6 조건 미충족
홍익대학교,역사교육과,학교 유사도 0.8 또는 학과 유사도 0.6 조건 미충족
홍익대학교 세종캠퍼스,게임공학과,학교 유사도 0.8 또는 학과 유사도 0.6 조건 미충족
홍익대학교 세종캠퍼스,경영학과,학교 유사도 0.8 또는 학과 유사도 0.6 조건 미충족
홍익대학교 세종캠퍼스,교양인문학부,학교 유사도 0.8 또는 학과 유사도 0.6 조건 미충족
홍익대학교 세종캠퍼스,금속공학과,학교 유사도 0.8 또는 학과 유사도 0.6 조건 미충족
화성의과학대학교,경찰행정학과,학교 유사도 0.8 또는 학과 유사도 0.6 조건 미충족
화신사이버대학교,경영정보학과,학교 유사도 0.8 또는 학과 유사도 0.6 조건 미충족
화신사이버대학교,경영학과,학교 유사도 0.8 또는 학과 유사도 0.6 조건 미충족
화신사이버대학교,교양사회과학부,학교 유사도 0.8 또는 학과 유사도 0.6 조건 미충족
화신사이버대학교,국어교육과,학교 유사도 0.8 또는 학과 유사도 0.6 조건 미충족
화신사이버대학교,국제문화정보학과,학교 유사도 0.8 또는 학과 유사도 0.6 조건 미충족
화신사이버대학교,농공학과,학교 유사도 0.8 또는 학과 유사도 0.6 조건 미충족
