대학교명,학과명,대학교ID,학과ID
LH토지주택대학교,건축공학과,303,62
가야대학교,광학공학과,188,70
가야대학교,교양인문학부,188,4
가천대학교,교양인문학부,123,4
가천대학교,국제학부,123,39
가천대학교,기타아시아어학과,123,9
가천대학교,기타유럽어학과,123,10
가천대학교,응급구조학과,123,117
가톨릭관동대학교,경영정보학과,147,23
가톨릭관동대학교,경제학과,147,26
가톨릭관동대학교,관광경영학과,147,30
가톨릭관동대학교,광학공학과,147,70
가톨릭관동대학교,교양공학부,147,71
가톨릭관동대학교,교양인문학부,147,4
가톨릭관동대학교,군사학과,147,40
가톨릭관동대학교,기독교학과,147,8
가톨릭관동대학교,보건관리학과,147,107
가톨릭관동대학교,의료정보공학과,147,119
가톨릭대학교,교양경상학부,124,33
가톨릭대학교,교양공학부,124,71
가톨릭대학교,교양사회과학부,124,34
가톨릭대학교,교양생활과학부,124,81
가톨릭대학교,교양인문학부,124,4
가톨릭대학교,교양자연과학부,124,82
가톨릭대학교,국제법무학과,124,37
가톨릭대학교,국제학부,124,39
가톨릭대학교,생명과학과,124,95
가톨릭상지대학교,국방기술과,248,73
가톨릭상지대학교,농수산과,248,84
가톨릭상지대학교,바이오생명정보과,248,91
가톨릭상지대학교,반려동물과,248,92
가톨릭상지대학교,보건행정과,248,108
강남대학교,교양사회과학부,125,34
강동대학교,교양과,50,3
강동대학교,산업안전과,50,110
강동대학교,소방안전관리과,50,111
강릉영동대학교,간호과,244,101
강릉영동대학교,건축과,244,63
강릉영동대학교,경영정보과,244,22
강릉영동대학교,경찰행정과,244,27
강릉영동대학교,관광경영과,244,29
강릉영동대학교,광고기획과,244,31
강릉영동대학교,금형설계과,244,76
강릉영동대학교,농수산과,244,84
강릉영동대학교,물리치료과,244,103
강릉영동대학교,의료보장구과,244,118
강릉영동대학교,의료정보시스템과,244,120
강서대학교,경영정보학과,251,23
강원대학교,교양공학부,148,71
강원대학교,교양사회과학부,148,34
강원대학교,교양생활과학부,148,81
강원대학교,교양자연과학부,148,82
강원대학교,독어독문학과,148,11
강원도립대학교,경찰행정과,271,27
강원도립대학교,농수산과,271,84
강원도립대학교,소방안전관리과,271,111
거제대학교,경영회계정보과,59,25
거제대학교,교양과,59,3
거제대학교,국제경영과,59,35
거제대학교,기계과,59,78
거제대학교,산업안전과,59,110
건국대학교,교양사회과학부,61,34
건국대학교,교양인문학부,61,4
건국대학교,기타유럽어학과,61,10
건국대학교 글로컬캠퍼스,광고홍보학과,198,32
건국대학교 글로컬캠퍼스,교양사회과학부,198,34
건국대학교 글로컬캠퍼스,교양자연과학부,198,82
건국대학교 글로컬캠퍼스,문예창작학과,198,16
건양대학교,건축학과,156,65
건양대학교,교양공학부,156,71
건양대학교,교양인문학부,156,4
건양사이버대학교,경영학과,107,24
건양사이버대학교,광고홍보학과,107,32
건양사이버대학교,교양인문학부,107,4
건양사이버대학교,교육학과,107,45
건양사이버대학교,보건관리학과,107,107
경기과학기술대학교,건축과,36,63
경기과학기술대학교,게임콘텐츠과,36,67
경기과학기술대학교,경영정보과,36,22
경기과학기술대학교,교양과,36,3
경기과학기술대학교,금형설계과,36,76
경기과학기술대학교,기계과,36,78
경기과학기술대학교,기계설계과,36,80
경기과학기술대학교,바이오생명정보과,36,91
경기과학기술대학교,보건행정과,36,108
경기과학기술대학교,소방안전관리과,36,111
경기대학교,교양인문학부,126,4
경기대학교,교통공학과,126,72
경기대학교,국제관계학과,126,36
경기대학교,문예창작학과,126,16
경남대학교,교양인문학부,20,4
경남대학교,교양자연과학부,20,82
경남도립거창대학,간호과,309,101
경남도립거창대학,건축과,309,63
경남도립거창대학,보건행정과,309,108
경남도립남해대학,산업안전과,360,110
경남정보대학교,건축과,26,63
경남정보대학교,경영정보과,26,22
경남정보대학교,경찰행정과,26,27
경남정보대학교,교양과,26,3
경남정보대학교,기계과,26,78
경남정보대학교,기계설계과,26,80
경남정보대학교,문예창작과,26,15
경남정보대학교,반려동물과,26,92
경남정보대학교,보건행정과,26,108
경남정보대학교,소방안전관리과,26,111
경동대학교,교양인문학부,127,4
경민대학교,경영정보과,37,22
경민대학교,교양과,37,3
경민대학교,농수산과,37,84
경민대학교,보건행정과,37,108
경민대학교,소방안전관리과,37,111
경복대학교,경영정보과,234,22
경복대학교,관광경영과,234,29
경복대학교,반려동물과,234,92
경복대학교,보건행정과,234,108
경북과학대학교,관광경영과,287,29
경북과학대학교,국방기술과,287,73
경북과학대학교,농수산과,287,84
경북과학대학교,보건행정과,287,108
경북도립대학교,소방안전관리과,361,111
경북도립대학교,응급구조과,361,116
경북보건대학교,보건환경과,351,109
경북전문대학교,건축과,277,63
경북전문대학교,경찰행정과,277,27
경북전문대학교,물리치료과,277,103
경북전문대학교,보건행정과,277,108
경북전문대학교,소방안전관리과,277,111
경상국립대학교,고분자공학과,189,68
경상국립대학교,교양인문학부,189,4
경상국립대학교,산림자원학과,189,93
경성대학교,교양공학부,95,71
경운대학교,교양공학부,174,71
경운대학교,교양사회과학부,174,34
경운대학교,교양인문학부,174,4
경인여자대학교,간호과,24,101
경인여자대학교,경영정보과,24,22
경인여자대학교,관광경영과,24,29
경인여자대학교,관광통역과,24,2
경인여자대학교,교양과,24,3
경인여자대학교,반려동물과,24,92
경인여자대학교,보건행정과,24,108
경인여자대학교,보건환경과,24,109
경일대학교,교양공학부,175,71
경일대학교,교양인문학부,175,4
경일대학교,교통공학과,175,72
경일대학교,농공학과,175,83
경희대학교,교양공학부,62,71
경희대학교,교양사회과학부,62,34
경희대학교,교양인문학부,62,4
경희대학교,교양자연과학부,62,82
경희대학교,러시아어문학과,62,13
경희대학교,약학부,62,112
경희사이버대학교,경영학과,63,24
경희사이버대학교,관광경영학과,63,30
경희사이버대학교,교양사회과학부,63,34
경희사이버대학교,교양인문학부,63,4
경희사이버대학교,국어교육과,63,46
경희사이버대학교,국어국문학과,63,5
경희사이버대학교,국제학부,63,39
경희사이버대학교,문예창작학과,63,16
경희사이버대학교,보건관리학과,63,107
계명대학교,교양인문학부,114,4
계명대학교,교양자연과학부,114,82
계명문화대학교,건축과,268,63
계명문화대학교,경영회계정보과,268,25
계명문화대학교,국제경영과,268,35
계명문화대학교,기계과,268,78
계명문화대학교,물리치료과,268,103
계명문화대학교,반려동물과,268,92
계명문화대학교,보건행정과,268,108
계명문화대학교,소방안전관리과,268,111
계명문화대학교,언어재활과,268,113
계명문화대학교,응급구조과,268,116
계명문화대학교,의료보장구과,268,118
계원예술대학교,건축과,305,63
계원예술대학교,게임콘텐츠과,305,67
고려대학교,가정교육과,64,41
고려대학교,건축학과,64,65
고려대학교,교양공학부,64,71
고려대학교,교양인문학부,64,4
고려대학교,교양자연과학부,64,82
고려대학교,교육학과,64,45
고려대학교,국어교육과,64,46
고려대학교,국어국문학과,64,5
고려대학교,독어독문학과,64,11
고려대학교,러시아어문학과,64,13
고려대학교,물리학과,64,88
고려대학교,방사선학과,64,106
고려대학교,수학교육과,64,56
고려대학교,역사교육과,64,60
고려대학교 세종캠퍼스,고고학과,22,1
고려대학교 세종캠퍼스,교양인문학부,22,4
고려대학교 세종캠퍼스,국어국문학과,22,5
고려대학교 세종캠퍼스,국제문화정보학과,22,6
고려대학교 세종캠퍼스,국제지역학과,22,7
고려대학교 세종캠퍼스,독어독문학과,22,11
고려대학교 세종캠퍼스,독일학과,22,12
고려대학교 세종캠퍼스,문예창작학과,22,16
고려대학교 세종캠퍼스,약학부,22,112
고려사이버대학교,건축공학과,65,62
고려사이버대학교,경영학과,65,24
고려사이버대학교,경찰행정학과,65,28
고려사이버대학교,교양공학부,65,71
고려사이버대학교,교양인문학부,65,4
고려사이버대학교,교육학과,65,45
고려사이버대학교,보건관리학과,65,107
고신대학교,광고홍보학과,96,32
고신대학교,교양공학부,96,71
고신대학교,교양인문학부,96,4
고신대학교,보건관리학과,96,107
고신대학교,생명공학과,96,94
광양보건대학교,물리치료과,359,103
광양보건대학교,방사선과,359,105
광양보건대학교,응급구조과,359,116
광운대학교,게임공학과,66,66
광운대학교,교양공학부,66,71
광운대학교,교양인문학부,66,4
광운대학교,교양자연과학부,66,82
광운대학교,국제법무학과,66,37
광운대학교,국제지역학과,66,7
광운대학교,국제통상학과,66,38
광운대학교,국제학부,66,39
광주과학기술원,교양인문학부,118,4
광주과학기술원,기계공학과,118,77
광주과학기술원,물리학과,118,88
광주과학기술원,생명과학과,118,95
광주교육대학교,가정교육과,293,41
광주교육대학교,과학교육과,293,43
광주교육대학교,교육학과,293,45
광주교육대학교,미술교육과,293,52
광주교육대학교,사회교육과,293,54
광주교육대학교,수학교육과,293,56
광주대학교,교양공학부,119,71
광주대학교,교양인문학부,119,4
광주보건대학교,경영정보과,233,22
광주보건대학교,물리치료과,233,103
광주보건대학교,방사선과,233,105
광주보건대학교,보건행정과,233,108
광주여자대학교,교육학과,256,45
구미대학교,게임콘텐츠과,288,67
구미대학교,관광경영과,288,29
구미대학교,기계과,288,78
구미대학교,반려동물과,288,92
구미대학교,보건행정과,288,108
구미대학교,소방안전관리과,288,111
구미대학교,언어재활과,288,113
구미대학교,의료보장구과,288,118
국립공주대학교,기계설계공학과,210,79
국립군산대학교,고고학과,16,1
국립군산대학교,교양자연과학부,16,82
국립군산대학교,교육학과,16,45
국립금오공과대학교,건축공학과,176,62
국립금오공과대학교,건축학과,176,65
국립금오공과대학교,교양공학부,176,71
국립금오공과대학교,교양인문학부,176,4
국립금오공과대학교,생화학과,176,98
국립목포대학교,교양공학부,172,71
국립목포대학교,교양사회과학부,172,34
국립목포대학교,교양생활과학부,172,81
국립목포대학교,교양자연과학부,172,82
국립목포대학교,국제문화정보학과,172,6
국립목포대학교,독어독문학과,172,11
국립목포대학교,문화인류학과,172,19
국립목포대학교,물리학과,172,88
국립목포대학교,산림자원학과,172,93
국립목포해양대학교,건축학과,292,65
국립목포해양대학교,군사학과,292,40
국립부경대학교,교양사회과학부,193,34
국립부경대학교,의료정보공학과,193,119
국립순천대학교,교양경상학부,218,33
국립순천대학교,약학부,218,112
국립안동대학교,경제학과,177,26
국립안동대학교,관광경영학과,177,30
국립안동대학교,국어국문학과,177,5
국립안동대학교,기계설계공학과,177,79
국립안동대학교,기타유럽어학과,177,10
국립안동대학교,문화인류학과,177,19
국립안동대학교,물리학과,177,88
국립안동대학교,산림자원학과,177,93
국립안동대학교,생물학과,177,97
국립안동대학교,생화학과,177,98
국립창원대학교,간호학과,201,102
국립창원대학교,건축공학과,201,62
국립창원대학교,건축학과,201,65
국립창원대학교,경영학과,201,24
국립창원대학교,국어국문학과,201,5
국립창원대학교,국제관계학과,201,36
국립창원대학교,기계공학과,201,77
국립창원대학교,독어독문학과,201,11
국립창원대학교,물리학과,201,88
국립창원대학교,생명과학과,201,95
국립창원대학교,생물학과,201,97
국립한국교통대학교,교양인문학부,152,4
국립한국해양대학교,건축학과,205,65
국립한국해양대학교,교육학과,205,45
국립한국해양대학교,군사학과,205,40
국립한밭대학교,교양공학부,108,71
국립한밭대학교,교양인문학부,108,4
국립한밭대학교,교양자연과학부,108,82
국민대학교,건축공학과,192,62
국민대학교,건축학과,192,65
국민대학교,광고홍보학과,192,32
국민대학교,교양사회과학부,192,34
국제대학교,게임콘텐츠과,38,67
국제대학교,교양과,38,3
국제대학교,기계과,38,78
국제대학교,반려동물과,38,92
국제대학교,산업안전과,38,110
국제대학교,소방안전관리과,38,111
국제대학교,의료보장구과,38,118
국제사이버대학교,경영학과,128,24
국제사이버대학교,교양인문학부,128,4
국제사이버대학교,교육학과,128,45
국제사이버대학교,국어교육과,128,46
국제사이버대학교,농공학과,128,83
군산간호대학교,간호과,350,101
군장대학교,간호과,246,101
군장대학교,경영정보과,246,22
군장대학교,국제경영과,246,35
군장대학교,기계과,246,78
군장대학교,물리치료과,246,103
극동대학교,교양인문학부,153,4
글로벌사이버대학교,경영학과,157,24
글로벌사이버대학교,교양사회과학부,157,34
글로벌사이버대학교,교양인문학부,157,4
글로벌사이버대학교,국제지역학과,157,7
글로벌사이버대학교,문화인류학과,157,19
금강대학교,국제통상학과,158,38
금강대학교,기타유럽어학과,158,10
기독간호대학교,간호과,347,101
김천대학교,교양인문학부,178,4
김천대학교,보건관리학과,178,107
김포대학교,게임콘텐츠과,39,67
김포대학교,경영정보과,39,22
김포대학교,경찰행정과,39,27
김포대학교,관광경영과,39,29
김포대학교,교양과,39,3
김포대학교,보건행정과,39,108
김포대학교,보건환경과,39,109
김포대학교,산업안전과,39,110
김해대학교,산업안전과,353,110
김해대학교,소방안전관리과,353,111
김해대학교,응급구조과,353,116
김해대학교,의료보장구과,353,118
김해대학교,의료정보시스템과,353,120
나사렛대학교,교양인문학부,159,4
나사렛대학교,문헌정보학과,159,18
나주대학교,가족복지과,224,21
나주대학교,농수산과,224,84
나주대학교,바이오생명정보과,224,91
나주대학교,의료정보시스템과,224,120
남부대학교,교양인문학부,120,4
남서울대학교,교양인문학부,160,4
농협대학교,농수산과,335,84
단국대학교,고분자공학과,195,68
단국대학교,광고홍보학과,195,32
단국대학교,교양공학부,195,71
단국대학교,국제학부,195,39
단국대학교,기타아시아어학과,195,9
단국대학교,기타유럽어학과,195,10
단국대학교,독어독문학과,195,11
단국대학교,독일학과,195,12
단국대학교,러시아어문학과,195,13
단국대학교,러시아학과,195,14
단국대학교,문예창작학과,195,16
단국대학교,약학부,195,112
대경대학교,바이오동물과,278,90
대경대학교,반려동물과,278,92
대구가톨릭대학교,광고홍보학과,200,32
대구가톨릭대학교,교양경상학부,200,33
대구가톨릭대학교,교양공학부,200,71
대구가톨릭대학교,교양사회과학부,200,34
대구가톨릭대학교,교양생활과학부,200,81
대구가톨릭대학교,국제통상학과,200,38
대구가톨릭대학교,생명과학과,200,95
대구가톨릭대학교,생화학과,200,98
대구경북과학기술원,교양생활과학부,115,81
대구경북과학기술원,교양인문학부,115,4
대구공업대학교,건축과,228,63
대구공업대학교,경영정보과,228,22
대구공업대학교,기계과,228,78
대구공업대학교,보건행정과,228,108
대구과학대학교,건축과,33,63
대구과학대학교,경찰행정과,33,27
대구과학대학교,교양과,33,3
대구과학대학교,국방기술과,33,73
대구과학대학교,의료정보시스템과,33,120
대구대학교,교양공학부,179,71
대구대학교,교양사회과학부,179,34
대구대학교,교양인문학부,179,4
대구대학교,교양자연과학부,179,82
대구대학교,국어국문학과,179,5
대구대학교,국제관계학과,179,36
대구대학교,기계설계공학과,179,79
대구대학교,생명과학과,179,95
대구보건대학교,교양과,34,3
대구보건대학교,바이오생명정보과,34,91
대구보건대학교,반려동물과,34,92
대구보건대학교,방사선과,34,105
대구보건대학교,보건행정과,34,108
대구보건대학교,보건환경과,34,109
대구보건대학교,소방안전관리과,34,111
대구보건대학교,언어재활과,34,113
대구사이버대학교,교양사회과학부,180,34
대구사이버대학교,교양인문학부,180,4
대구사이버대학교,국제문화정보학과,180,6
대구사이버대학교,언어치료학과,180,59
대구사이버대학교,예술치료학과,180,115
대구한의대학교,관광경영학과,181,30
대구한의대학교,교양경상학부,181,33
대구한의대학교,교양공학부,181,71
대구한의대학교,교양사회과학부,181,34
대구한의대학교,교양인문학부,181,4
대구한의대학교,교양자연과학부,181,82
대구한의대학교,교육학과,181,45
대구한의대학교,국제통상학과,181,38
대구한의대학교,보건관리학과,181,107
대구한의대학교,산림자원학과,181,93
대구한의대학교,생명과학과,181,95
대덕대학교,경영정보과,227,22
대덕대학교,경찰행정과,227,27
대덕대학교,국방기술과,227,73
대덕대학교,기계과,227,78
대덕대학교,기계설계과,227,80
대덕대학교,반려동물과,227,92
대덕대학교,보건행정과,227,108
대덕대학교,의료정보시스템과,227,120
대림대학교,건축과,221,63
대림대학교,건축설비과,221,64
대림대학교,경영정보과,221,22
대림대학교,기계과,221,78
대림대학교,보건행정과,221,108
대림대학교,보건환경과,221,109
대림대학교,언어재활과,221,113
대림대학교,의료보장구과,221,118
대신대학교,교양인문학부,182,4
대원대학교,바이오생명정보과,222,91
대원대학교,방사선과,222,105
대원대학교,소방안전관리과,222,111
대전과학기술대학교,간호과,30,101
대전과학기술대학교,건축과,30,63
대전과학기술대학교,경찰행정과,30,27
대전과학기술대학교,광고기획과,30,31
대전과학기술대학교,교양과,30,3
대전과학기술대학교,기계과,30,78
대전과학기술대학교,문헌정보과,30,17
대전과학기술대학교,물리치료과,30,103
대전과학기술대학교,반려동물과,30,92
대전과학기술대학교,보건행정과,30,108
대전과학기술대학교,보건환경과,30,109
대전과학기술대학교,소방안전관리과,30,111
대전대학교,고고학과,9,1
대전대학교,광고홍보학과,9,32
대전대학교,교양인문학부,9,4
대전대학교,러시아어문학과,9,13
대전보건대학교,경영정보과,31,22
대전보건대학교,경찰행정과,31,27
대전보건대학교,교양과,31,3
대전보건대학교,문화재과,31,20
대전보건대학교,바이오생명정보과,31,91
대전보건대학교,반려동물과,31,92
대전보건대학교,방사선과,31,105
대전보건대학교,보건행정과,31,108
대전보건대학교,보건환경과,31,109
대전보건대학교,산업안전과,31,110
대전보건대학교,소방안전관리과,31,111
대전보건대학교,의료정보시스템과,31,120
대진대학교,교양인문학부,129,4
대진대학교,교육학과,129,45
덕성여자대학교,경영학과,67,24
덕성여자대학교,교양인문학부,67,4
덕성여자대학교,교양자연과학부,67,82
덕성여자대학교,교육학과,67,45
덕성여자대학교,국어교육과,67,46
덕성여자대학교,국어국문학과,67,5
덕성여자대학교,국제지역학과,67,7
덕성여자대학교,국제통상학과,67,38
덕성여자대학교,독어독문학과,67,11
덕성여자대학교,문헌정보학과,67,18
덕성여자대학교,문화인류학과,67,19
덕성여자대학교,생명공학과,67,94
덕성여자대학교,생화학과,67,98
덕성여자대학교,약학부,67,112
동강대학교,건설정보과,270,61
동강대학교,기계과,270,78
동강대학교,소방안전관리과,270,111
동국대학교,교양공학부,68,71
동국대학교,교양인문학부,68,4
동국대학교,산림자원학과,68,93
동국대학교,생명과학과,68,95
동국대학교,약학부,68,112
동국대학교 WISE캠퍼스,교양공학부,18,71
동국대학교 WISE캠퍼스,교양인문학부,18,4
동국대학교 WISE캠퍼스,교양자연과학부,18,82
동국대학교 WISE캠퍼스,보건관리학과,18,107
동국대학교 WISE캠퍼스,생명공학과,18,94
동국대학교 WISE캠퍼스,생명과학과,18,95
동남보건대학교,간호과,284,101
동남보건대학교,관광경영과,284,29
동남보건대학교,물리치료과,284,103
동남보건대학교,방사선과,284,105
동남보건대학교,보건환경과,284,109
동남보건대학교,응급구조과,284,116
동남보건대학교,의료보장구과,284,118
동덕여자대학교,경영학과,69,24
동덕여자대학교,경제학과,69,26
동덕여자대학교,교양사회과학부,69,34
동덕여자대학교,교양인문학부,69,4
동덕여자대학교,교양자연과학부,69,82
동덕여자대학교,국어국문학과,69,5
동덕여자대학교,국제지역학과,69,7
동덕여자대학교,독어독문학과,69,11
동덕여자대학교,문예창작학과,69,16
동덕여자대학교,문헌정보학과,69,18
동덕여자대학교,문화인류학과,69,19
동덕여자대학교,보건관리학과,69,107
동덕여자대학교,생화학과,69,98
동덕여자대학교,약학부,69,112
동명대학교,교양공학부,97,71
동명대학교,교양인문학부,97,4
동명대학교,국제문화정보학과,97,6
동서대학교,교양인문학부,98,4
동서대학교,국제관계학과,98,36
동서울대학교,게임콘텐츠과,40,67
동서울대학교,경영정보과,40,22
동서울대학교,교양과,40,3
동서울대학교,기계과,40,78
동아대학교,고고학과,6,1
동아대학교,산림자원학과,6,93
동아방송예술대학교,광고기획과,290,31
동아보건대학교,반려동물과,306,92
동아보건대학교,응급구조과,306,116
동양대학교,교양인문학부,183,4
동양미래대학교,건축과,225,63
동양미래대학교,경영정보과,225,22
동양미래대학교,관광경영과,225,29
동양미래대학교,기계과,225,78
동양미래대학교,기계설계과,225,80
동양미래대학교,바이오생명정보과,225,91
동양미래대학교,소방안전관리과,225,111
동원과학기술대학교,간호과,330,101
동원과학기술대학교,기계과,330,78
동원과학기술대학교,보건행정과,330,108
동원과학기술대학교,산업안전과,330,110
동원과학기술대학교,소방안전관리과,330,111
동원대학교,교양과,41,3
동원대학교,바이오동물과,41,90
동원대학교,보건환경과,41,109
동원대학교,소방안전관리과,41,111
동원대학교,의료보장구과,41,118
동의과학대학교,건축과,267,63
동의과학대학교,경영회계정보과,267,25
동의과학대학교,기계과,267,78
동의과학대학교,기계설계과,267,80
동의과학대학교,보건행정과,267,108
동의과학대학교,소방안전관리과,267,111
동의과학대학교,응급구조과,267,116
동의대학교,교양경상학부,99,33
동의대학교,교양공학부,99,71
동의대학교,교양인문학부,99,4
동의대학교,문예창작학과,99,16
두원공과대학교,간호과,42,101
두원공과대학교,건축과,42,63
두원공과대학교,건축설비과,42,64
두원공과대학교,게임콘텐츠과,42,67
두원공과대학교,교양과,42,3
두원공과대학교,기계과,42,78
두원공과대학교,기계설계과,42,80
두원공과대학교,문예창작과,42,15
두원공과대학교,보건행정과,42,108
두원공과대학교,소방안전관리과,42,111
두원공과대학교,응급구조과,42,116
두원공과대학교,의료정보시스템과,42,120
디지털서울문화예술대학교,건축공학과,254,62
디지털서울문화예술대학교,경영학과,254,24
디지털서울문화예술대학교,국어교육과,254,46
디지털서울문화예술대학교,동물자원학과,254,86
루터대학교,교양인문학부,130,4
마산대학교,기계과,331,78
마산대학교,방사선과,331,105
마산대학교,보건행정과,331,108
마산대학교,언어재활과,331,113
마산대학교,응급구조과,331,116
마산대학교,의료정보시스템과,331,120
명지대학교 인문캠퍼스,경영정보학과,70,23
명지대학교 인문캠퍼스,경영학과,70,24
명지대학교 인문캠퍼스,경제학과,70,26
명지대학교 인문캠퍼스,교양사회과학부,70,34
명지대학교 인문캠퍼스,교양인문학부,70,4
명지대학교 인문캠퍼스,국어국문학과,70,5
명지대학교 인문캠퍼스,국제지역학과,70,7
명지대학교 인문캠퍼스,국제통상학과,70,38
명지대학교 인문캠퍼스,문예창작학과,70,16
명지대학교 인문캠퍼스,문헌정보학과,70,18
명지대학교 자연캠퍼스,건축학과,131,65
명지대학교 자연캠퍼스,교양공학부,131,71
명지대학교 자연캠퍼스,교양인문학부,131,4
명지대학교 자연캠퍼스,교양자연과학부,131,82
명지대학교 자연캠퍼스,교통공학과,131,72
명지대학교 자연캠퍼스,국제학부,131,39
명지대학교 자연캠퍼스,기계공학과,131,77
명지대학교 자연캠퍼스,물리학과,131,88
명지대학교 자연캠퍼스,생명과학과,131,95
명지전문대학,경영정보과,211,22
명지전문대학,기계과,211,78
명지전문대학,문예창작과,211,15
명지전문대학,문헌정보과,211,17
명지전문대학,의료정보시스템과,211,120
목원대학교,고고학과,10,1
목포과학대학교,건축설비과,286,64
목포과학대학교,관광경영과,286,29
목포과학대학교,물리치료과,286,103
목포과학대학교,방사선과,286,105
목포과학대학교,보건행정과,286,108
문경대학교,경영정보과,249,22
배재대학교,교양사회과학부,109,34
배재대학교,교양인문학부,109,4
배재대학교,국제통상학과,109,38
배재대학교,러시아학과,109,14
배재대학교,보건관리학과,109,107
배화여자대학교,경영정보과,226,22
배화여자대학교,관광경영과,226,29
배화여자대학교,보건행정과,226,108
백석문화대학교,경영정보과,52,22
백석문화대학교,경영회계정보과,52,25
백석문화대학교,경찰행정과,52,27
백석문화대학교,관광경영과,52,29
백석문화대학교,교양과,52,3
백석문화대학교,방사선과,52,105
백석문화대학교,보건행정과,52,108
백석예술대학교,경영정보과,23,22
백석예술대학교,경찰행정과,23,27
백석예술대학교,관광경영과,23,29
백석예술대학교,관광통역과,23,2
백석예술대학교,교양과,23,3
백제예술대학교,교양과,53,3
부산가톨릭대학교,교양공학부,100,71
부산가톨릭대학교,교양인문학부,100,4
부산경상대학교,경영정보과,27,22
부산경상대학교,경찰행정과,27,27
부산경상대학교,교양과,27,3
부산경상대학교,농수산과,27,84
부산경상대학교,반려동물과,27,92
부산경상대학교,소방안전관리과,27,111
부산과학기술대학교,간호과,28,101
부산과학기술대학교,건축과,28,63
부산과학기술대학교,경영정보과,28,22
부산과학기술대학교,경찰행정과,28,27
부산과학기술대학교,교양과,28,3
부산과학기술대학교,기계과,28,78
부산과학기술대학교,반려동물과,28,92
부산과학기술대학교,보건행정과,28,108
부산과학기술대학교,생활문화과,28,99
부산과학기술대학교,소방안전관리과,28,111
부산교육대학교,미술교육과,297,52
부산대학교,교양인문학부,7,4
부산대학교,교양자연과학부,7,82
부산대학교,약학부,7,112
부산디지털대학교,경영학과,101,24
부산디지털대학교,교양사회과학부,101,34
부산디지털대학교,교양인문학부,101,4
부산보건대학교,물리치료과,342,103
부산보건대학교,반려동물과,342,92
부산보건대학교,응급구조과,342,116
부산보건대학교,의료보장구과,342,118
부산여자대학교,바이오동물과,220,90
부산여자대학교,반려동물과,220,92
부산여자대학교,보건행정과,220,108
부산예술대학교,예술치료과,362,114
부산외국어대학교,경영학과,102,24
부산외국어대학교,경제학과,102,26
부산외국어대학교,경찰행정학과,102,28
부산외국어대학교,관광경영학과,102,30
부산외국어대학교,교양사회과학부,102,34
부산외국어대학교,교양인문학부,102,4
부산외국어대학교,국어교육과,102,46
부산외국어대학교,국어국문학과,102,5
부산외국어대학교,국제문화정보학과,102,6
부산외국어대학교,국제지역학과,102,7
부산외국어대학교,국제통상학과,102,38
부산외국어대학교,국제학부,102,39
부산외국어대학교,기타아시아어학과,102,9
부산외국어대학교,기타유럽어학과,102,10
부산외국어대학교,독어독문학과,102,11
부산외국어대학교,러시아어문학과,102,13
부산외국어대학교,러시아학과,102,14
부천대학교,게임콘텐츠과,235,67
부천대학교,경영정보과,235,22
부천대학교,반려동물과,235,92
사이버한국외국어대학교,경영학과,71,24
사이버한국외국어대학교,교양인문학부,71,4
사이버한국외국어대학교,기타아시아어학과,71,9
삼육대학교,간호학과,72,102
삼육대학교,건축학과,72,65
삼육대학교,경영정보학과,72,23
삼육대학교,경영학과,72,24
삼육대학교,교양인문학부,72,4
삼육대학교,국제지역학과,72,7
삼육대학교,동물자원학과,72,86
삼육대학교,물리치료학과,72,104
삼육대학교,보건관리학과,72,107
삼육대학교,생명과학과,72,95
삼육대학교,약학부,72,112
삼육보건대학교,간호과,343,101
삼육보건대학교,의료정보시스템과,343,120
상명대학교,고고학과,1,1
상명대학교,교양인문학부,1,4
상명대학교,교양자연과학부,1,82
상명대학교,국제지역학과,1,7
상명대학교,독어독문학과,1,11
상명대학교,러시아어문학과,1,13
상명대학교,러시아학과,1,14
상명대학교,수학교육과,1,56
상지대학교,광고홍보학과,149,32
상지대학교,교양경상학부,149,33
상지대학교,교양인문학부,149,4
상지대학교,국어교육과,149,46
상지대학교,국어국문학과,149,5
상지대학교,보건관리학과,149,107
서강대학교,경제학과,73,26
서강대학교,교양사회과학부,73,34
서강대학교,국어국문학과,73,5
서강대학교,국제문화정보학과,73,6
서강대학교,국제학부,73,39
서강대학교,독어독문학과,73,11
서경대학교,교양사회과학부,74,34
서경대학교,교양인문학부,74,4
서라벌대학교,간호과,279,101
서라벌대학교,경찰행정과,279,27
서라벌대학교,관광경영과,279,29
서라벌대학교,기계과,279,78
서라벌대학교,방사선과,279,105
서영대학교,경영정보과,236,22
서영대학교,관광경영과,236,29
서영대학교,기계과,236,78
서영대학교,소방안전관리과,236,111
서울과학기술대학교,건축공학과,75,62
서울과학기술대학교,건축학과,75,65
서울과학기술대학교,경영학과,75,24
서울과학기술대학교,광학공학과,75,70
서울과학기술대학교,교양공학부,75,71
서울과학기술대학교,교양인문학부,75,4
서울과학기술대학교,교양자연과학부,75,82
서울과학기술대학교,국어국문학과,75,5
서울과학기술대학교,기계공학과,75,77
서울과학기술대학교,기계설계공학과,75,79
서울과학기술대학교,문예창작학과,75,16
서울기독대학교,경영정보학과,207,23
서울기독대학교,경영학과,207,24
서울기독대학교,교양사회과학부,207,34
서울기독대학교,기독교학과,207,8
서울대학교,교양공학부,2,71
서울대학교,교양인문학부,2,4
서울대학교,기타아시아어학과,2,9
서울대학교,독일어교육과,2,50
서울대학교,문화인류학과,2,19
서울대학교,산림자원학과,2,93
서울대학교,약학부,2,112
서울디지털대학교,경영학과,76,24
서울디지털대학교,경찰행정학과,76,28
서울디지털대학교,교양인문학부,76,4
서울디지털대학교,교육학과,76,45
서울디지털대학교,국제지역학과,76,7
서울디지털대학교,국제학부,76,39
서울디지털대학교,문예창작학과,76,16
서울디지털대학교,보건관리학과,76,107
서울디지털대학교,예술치료학과,76,115
서울사이버대학교,건축학과,77,65
서울사이버대학교,경영정보학과,77,23
서울사이버대학교,경영학과,77,24
서울사이버대학교,광고홍보학과,77,32
서울사이버대학교,교양사회과학부,77,34
서울사이버대학교,교양인문학부,77,4
서울사이버대학교,국방기술학과,77,74
서울사이버대학교,국어국문학과,77,5
서울사이버대학교,군사학과,77,40
서울사이버대학교,기계공학과,77,77
서울사이버대학교,농공학과,77,83
서울사이버대학교,문예창작학과,77,16
서울사이버대학교,예술치료학과,77,115
서울시립대학교,건축공학과,78,62
서울시립대학교,건축학과,78,65
서울시립대학교,경영학과,78,24
서울시립대학교,경제학과,78,26
서울시립대학교,교양인문학부,78,4
서울시립대학교,교통공학과,78,72
서울시립대학교,국어국문학과,78,5
서울시립대학교,국제관계학과,78,36
서울시립대학교,기계공학과,78,77
서울시립대학교,물리학과,78,88
서울시립대학교,생명과학과,78,95
서울신학대학교,교양인문학부,132,4
서울신학대학교,기타아시아어학과,132,9
서울여자간호대학교,간호과,344,101
서울여자대학교,교양공학부,79,71
서울여자대학교,교양사회과학부,79,34
서울여자대학교,교양인문학부,79,4
서울여자대학교,교양자연과학부,79,82
서울여자대학교,교육학과,79,45
서울여자대학교,국제학부,79,39
서울여자대학교,기독교학과,79,8
서울여자대학교,농공학과,79,83
서울여자대학교,독어독문학과,79,11
서울여자대학교,독일학과,79,12
서울여자대학교,생명과학과,79,95
서울예술대학교,문예창작과,213,15
서울한영대학교,기독교학과,208,8
서원대학교,교양공학부,154,71
서원대학교,국제학부,154,39
서원대학교,독어독문학과,154,11
서일대학교,경영회계정보과,266,25
서일대학교,바이오생명정보과,266,91
서정대학교,게임콘텐츠과,43,67
서정대학교,경영정보과,43,22
서정대학교,교양과,43,3
서정대학교,바이오동물과,43,90
서정대학교,반려동물과,43,92
서정대학교,소방안전관리과,43,111
서정대학교,의료정보시스템과,43,120
선린대학교,건축과,280,63
선린대학교,국방기술과,280,73
선린대학교,기계과,280,78
선린대학교,기계설계과,280,80
선린대학교,반려동물과,280,92
선린대학교,방사선과,280,105
선린대학교,보건행정과,280,108
선린대학교,산업안전과,280,110
선문대학교,경영학과,161,24
선문대학교,관광경영학과,161,30
선문대학교,교양경상학부,161,33
선문대학교,교양공학부,161,71
선문대학교,교양사회과학부,161,34
선문대학교,교양인문학부,161,4
선문대학교,국어국문학과,161,5
선문대학교,국제관계학과,161,36
선문대학교,국제지역학과,161,7
선문대학교,국제통상학과,161,38
선문대학교,국제학부,161,39
선문대학교,러시아어문학과,161,13
선문대학교,수산학과,161,100
성결대학교,교양인문학부,133,4
성결대학교,교양자연과학부,133,82
성결대학교,국제학부,133,39
성공회대학교,경제학과,80,26
성공회대학교,교양인문학부,80,4
성공회대학교,국제학부,80,39
성공회대학교,기독교학과,80,8
성공회대학교,기타유럽어학과,80,10
성균관대학교,건축공학과,81,62
성균관대학교,건축학과,81,65
성균관대학교,경영학과,81,24
성균관대학교,경제학과,81,26
성균관대학교,교양공학부,81,71
성균관대학교,교양사회과학부,81,34
성균관대학교,교양인문학부,81,4
성균관대학교,교양자연과학부,81,82
성균관대학교,교육학과,81,45
성균관대학교,국어국문학과,81,5
성균관대학교,기계공학과,81,77
성균관대학교,독어독문학과,81,11
성균관대학교,러시아어문학과,81,13
성균관대학교,문헌정보학과,81,18
성균관대학교,물리학과,81,88
성균관대학교,생명공학과,81,94
성균관대학교,생명과학과,81,95
성균관대학교,수학교육과,81,56
성균관대학교,약학부,81,112
성신여자대학교,가정교육과,82,41
성신여자대학교,간호학과,82,102
성신여자대학교,경영학과,82,24
성신여자대학교,경제학과,82,26
성신여자대학교,교양공학부,82,71
성신여자대학교,교양사회과학부,82,34
성신여자대학교,교양인문학부,82,4
성신여자대학교,교육학과,82,45
성신여자대학교,국어국문학과,82,5
성신여자대학교,독어독문학과,82,11
성신여자대학교,사회교육과,82,54
성신여자대학교,생명공학과,82,94
성신여자대학교,생명과학과,82,95
성신여자대학교,생물학과,82,97
성운대학교,농수산과,339,84
세경대학교,건설정보과,272,61
세경대학교,농수산과,272,84
세경대학교,소방안전관리과,272,111
세경대학교,예술치료과,272,114
세경대학교,의료정보시스템과,272,120
세계사이버대학,교양과,44,3
세명대학교,교양사회과학부,261,34
세종대학교,경제학과,3,26
세종대학교,고고학과,3,1
세종대학교,광학공학과,3,70
세종대학교,교양경상학부,3,33
세종대학교,교양공학부,3,71
세종대학교,교양사회과학부,3,34
세종대학교,교양인문학부,3,4
세종대학교,교양자연과학부,3,82
세종대학교,교육학과,3,45
세종대학교,국방기술학과,3,74
세종대학교,국어국문학과,3,5
세종대학교,국제통상학과,3,38
세종대학교,국제학부,3,39
세종대학교,기계공학과,3,77
세종대학교,문화인류학과,3,19
세종대학교,생명공학과,3,94
세종대학교,생명과학과,3,95
세종사이버대학교,경영학과,215,24
세종사이버대학교,경찰행정학과,215,28
세종사이버대학교,광고홍보학과,215,32
세종사이버대학교,교양사회과학부,215,34
세종사이버대학교,문예창작학과,215,16
세종사이버대학교,예술치료학과,215,115
송곡대학교,농수산과,336,84
송곡대학교,보건행정과,336,108
송곡대학교,의료정보시스템과,336,120
송원대학교,교양공학부,257,71
송원대학교,교통공학과,257,72
송호대학교,경영정보과,245,22
송호대학교,관광경영과,245,29
송호대학교,농수산과,245,84
송호대학교,방사선과,245,105
송호대학교,보건행정과,245,108
수성대학교,교양과,35,3
수성대학교,반려동물과,35,92
수성대학교,방사선과,35,105
수성대학교,보건행정과,35,108
수원과학대학교,건축과,237,63
수원과학대학교,건축설비과,237,64
수원과학대학교,게임콘텐츠과,237,67
수원과학대학교,경영정보과,237,22
수원과학대학교,경찰행정과,237,27
수원과학대학교,기계과,237,78
수원과학대학교,보건행정과,237,108
수원대학교,교양사회과학부,134,34
수원대학교,러시아어문학과,134,13
수원여자대학교,경영정보과,238,22
수원여자대학교,물리치료과,238,103
수원여자대학교,바이오생명정보과,238,91
수원여자대학교,반려동물과,238,92
수원여자대학교,보건행정과,238,108
숙명여자대학교,경영학과,4,24
숙명여자대학교,경제학과,4,26
숙명여자대학교,고고학과,4,1
숙명여자대학교,관광경영학과,4,30
숙명여자대학교,광고홍보학과,4,32
숙명여자대학교,교양공학부,4,71
숙명여자대학교,교양인문학부,4,4
숙명여자대학교,교양자연과학부,4,82
숙명여자대학교,교육학과,4,45
숙명여자대학교,국어국문학과,4,5
숙명여자대학교,국제통상학과,4,38
숙명여자대학교,국제학부,4,39
숙명여자대학교,기계공학과,4,77
숙명여자대학교,독어독문학과,4,11
숙명여자대학교,문헌정보학과,4,18
숙명여자대학교,물리학과,4,88
숙명여자대학교,생명과학과,4,95
숙명여자대학교,약학부,4,112
순천제일대학교,건설정보과,301,61
순천제일대학교,건축과,301,63
순천제일대학교,기계과,301,78
순천제일대학교,물리치료과,301,103
순천제일대학교,산업안전과,301,110
순천제일대학교,소방안전관리과,301,111
순천제일대학교,언어재활과,301,113
순천제일대학교,의료보장구과,301,118
순천향대학교,교양공학부,199,71
순천향대학교,국제문화정보학과,199,6
순천향대학교,약학부,199,112
숭실대학교,건축학과,83,65
숭실대학교,교양인문학부,83,4
숭실대학교,기독교학과,83,8
숭실대학교,문예창작학과,83,16
숭실대학교,생명과학과,83,95
숭실사이버대학교,경영학과,84,24
숭실사이버대학교,교양인문학부,84,4
숭실사이버대학교,교육학과,84,45
숭실사이버대학교,국어교육과,84,46
숭실사이버대학교,생명과학과,84,95
숭의여자대학교,가족복지과,219,21
숭의여자대학교,문헌정보과,219,17
숭의여자대학교,보건행정과,219,108
신경주대학교,건축학과,184,65
신경주대학교,교양인문학부,184,4
신경주대학교,방사선학과,184,106
신구대학교,건설정보과,239,61
신구대학교,게임콘텐츠과,239,67
신구대학교,경영정보과,239,22
신구대학교,관광경영과,239,29
신구대학교,국제경영과,239,35
신구대학교,농수산과,239,84
신구대학교,바이오동물과,239,90
신구대학교,바이오생명정보과,239,91
신라대학교,고고학과,8,1
신라대학교,광고홍보학과,8,32
신라대학교,교양공학부,8,71
신라대학교,교양인문학부,8,4
신라대학교,국제관계학과,8,36
신라대학교,국제통상학과,8,38
신라대학교,국제학부,8,39
신성대학교,산업안전과,349,110
신성대학교,소방안전관리과,349,111
신안산대학교,건축과,240,63
신안산대학교,게임콘텐츠과,240,67
신안산대학교,경영정보과,240,22
신안산대학교,경찰행정과,240,27
신안산대학교,기계과,240,78
신안산대학교,기계설계과,240,80
신안산대학교,바이오동물과,240,90
신안산대학교,바이오생명정보과,240,91
신안산대학교,반려동물과,240,92
신안산대학교,소방안전관리과,240,111
신한대학교,국제학부,135,39
아신대학교,교양인문학부,136,4
아신대학교,국제학부,136,39
아주대학교,교양공학부,196,71
아주대학교,약학부,196,112
안동과학대학교,간호과,302,101
안동과학대학교,건설정보과,302,61
안동과학대학교,물리치료과,302,103
안동과학대학교,바이오생명정보과,302,91
안동과학대학교,반려동물과,302,92
안동과학대학교,보건행정과,302,108
안동과학대학교,소방안전관리과,302,111
안동과학대학교,의료보장구과,302,118
안산대학교,교양과,45,3
안산대학교,반려동물과,45,92
안산대학교,방사선과,45,105
안산대학교,보건환경과,45,109
안산대학교,언어재활과,45,113
안산대학교,의료정보시스템과,45,120
안양대학교,교양인문학부,104,4
안양대학교,교양자연과학부,104,82
안양대학교,국제통상학과,104,38
안양대학교,생물학과,104,97
여주대학교,보건환경과,241,109
여주대학교,의료보장구과,241,118
연성대학교,게임콘텐츠과,242,67
연성대학교,경영정보과,242,22
연성대학교,관광경영과,242,29
연성대학교,반려동물과,242,92
연성대학교,보건행정과,242,108
연성대학교,응급구조과,242,116
연세대학교,경제학과,85,26
연세대학교,교양공학부,85,71
연세대학교,교양사회과학부,85,34
연세대학교,교양생활과학부,85,81
연세대학교,교양인문학부,85,4
연세대학교,교양자연과학부,85,82
연세대학교,교육학과,85,45
연세대학교,국어국문학과,85,5
연세대학교,국제지역학과,85,7
연세대학교,국제통상학과,85,38
연세대학교,기계공학과,85,77
연세대학교,대기과학과,85,85
연세대학교,독어독문학과,85,11
연세대학교,러시아어문학과,85,13
연세대학교,문헌정보학과,85,18
연세대학교,문화인류학과,85,19
연세대학교,약학부,85,112
연세대학교 미래캠퍼스,경영학과,150,24
연세대학교 미래캠퍼스,경제학과,150,26
연세대학교 미래캠퍼스,교양사회과학부,150,34
연세대학교 미래캠퍼스,교양인문학부,150,4
연세대학교 미래캠퍼스,교양자연과학부,150,82
연세대학교 미래캠퍼스,국어국문학과,150,5
연세대학교 미래캠퍼스,국제관계학과,150,36
연세대학교 미래캠퍼스,국제학부,150,39
연세대학교 미래캠퍼스,의료정보공학과,150,119
연암공과대학교,기계과,332,78
연암대학교,농수산과,337,84
연암대학교,바이오동물과,337,90
연암대학교,반려동물과,337,92
영남대학교,교양사회과학부,19,34
영남대학교,교양인문학부,19,4
영남대학교,기타유럽어학과,19,10
영남사이버대학교,교육학과,298,45
영남신학대학교,교양인문학부,185,4
영남외국어대학,간호과,352,101
영남외국어대학,보건행정과,352,108
영남이공대학교,간호과,229,101
영남이공대학교,건설정보과,229,61
영남이공대학교,건축과,229,63
영남이공대학교,건축설비과,229,64
영남이공대학교,경영정보과,229,22
영남이공대학교,경영회계정보과,229,25
영남이공대학교,국제경영과,229,35
영남이공대학교,기계과,229,78
영남이공대학교,물리치료과,229,103
영남이공대학교,반려동물과,229,92
영남이공대학교,보건행정과,229,108
영남이공대학교,의료보장구과,229,118
영산대학교,광고홍보학과,103,32
영산대학교,교양사회과학부,103,34
영산대학교,교양인문학부,103,4
영산대학교,교통공학과,103,72
영산대학교,국제지역학과,103,7
영산대학교,기계설계공학과,103,79
영산대학교,기타아시아어학과,103,9
영진사이버대학교,경영정보과,230,22
영진전문대학교,간호과,231,101
영진전문대학교,건축과,231,63
영진전문대학교,경영정보과,231,22
영진전문대학교,관광경영과,231,29
영진전문대학교,금형설계과,231,76
영진전문대학교,기계과,231,78
영진전문대학교,바이오동물과,231,90
영진전문대학교,반려동물과,231,92
영진전문대학교,보건행정과,231,108
영진전문대학교,응급구조과,231,116
예원예술대학교,경영학과,166,24
예원예술대학교,관광경영학과,166,30
예원예술대학교,교양인문학부,166,4
예원예술대학교,국어국문학과,166,5
오산대학교,게임콘텐츠과,46,67
오산대학교,관광경영과,46,29
오산대학교,교양과,46,3
오산대학교,기계과,46,78
오산대학교,바이오동물과,46,90
오산대학교,반려동물과,46,92
오산대학교,보건행정과,46,108
오산대학교,보건환경과,46,109
오산대학교,산업안전과,46,110
오산대학교,소방안전관리과,46,111
용인예술과학대학교,간호과,243,101
용인예술과학대학교,건축과,243,63
용인예술과학대학교,건축설비과,243,64
용인예술과학대학교,게임콘텐츠과,243,67
용인예술과학대학교,경영정보과,243,22
용인예술과학대학교,경찰행정과,243,27
용인예술과학대학교,기계과,243,78
용인예술과학대학교,반려동물과,243,92
용인예술과학대학교,보건행정과,243,108
용인예술과학대학교,의료정보시스템과,243,120
우석대학교,건축학과,217,65
우석대학교,광고홍보학과,217,32
우석대학교,교양사회과학부,217,34
우석대학교,국방기술학과,217,74
우석대학교,약학부,217,112
우송대학교,게임공학과,110,66
우송대학교,교양인문학부,110,4
우송대학교,교통공학과,110,72
우송대학교,보건관리학과,110,107
우송정보대학,간호과,32,101
우송정보대학,건축과,32,63
우송정보대학,경영정보과,32,22
우송정보대학,경영회계정보과,32,25
우송정보대학,교양과,32,3
우송정보대학,기계과,32,78
우송정보대학,바이오동물과,32,90
우송정보대학,반려동물과,32,92
우송정보대학,보건행정과,32,108
우송정보대학,산업안전과,32,110
우송정보대학,소방안전관리과,32,111
우송정보대학,언어재활과,32,113
울산과학기술원,경영학과,116,24
울산과학기술원,교양경상학부,116,33
울산과학기술원,교양공학부,116,71
울산과학기술원,교양인문학부,116,4
울산과학기술원,교양자연과학부,116,82
울산과학기술원,기계공학과,116,77
울산과학기술원,물리학과,116,88
울산과학기술원,생명공학과,116,94
울산과학기술원,생명과학과,116,95
울산과학대학교,건축과,232,63
울산과학대학교,기계과,232,78
울산과학대학교,물리치료과,232,103
울산과학대학교,산업안전과,232,110
울산과학대학교,의료정보시스템과,232,120
울산대학교,교양인문학부,117,4
울산대학교,교양자연과학부,117,82
웅지세무대학교,경영회계정보과,269,25
원광대학교,고고학과,17,1
원광대학교,교양자연과학부,17,82
원광대학교,국제문화정보학과,17,6
원광대학교,약학부,17,112
원광디지털대학교,경영학과,167,24
원광디지털대학교,경찰행정학과,167,28
원광디지털대학교,관광경영학과,167,30
원광디지털대학교,교양인문학부,167,4
원광디지털대학교,국어국문학과,167,5
원광디지털대학교,국제지역학과,167,7
원광디지털대학교,언어치료학과,167,59
원광보건대학교,간호과,54,101
원광보건대학교,관광경영과,54,29
원광보건대학교,교양과,54,3
원광보건대학교,물리치료과,54,103
원광보건대학교,방사선과,54,105
원광보건대학교,보건행정과,54,108
원광보건대학교,생활문화과,54,99
위덕대학교,교양공학부,264,71
위덕대학교,물리치료학과,264,104
위덕대학교,보건관리학과,264,107
위덕대학교,언어치료학과,264,59
유원대학교,교양공학부,155,71
유원대학교,농공학과,155,83
유한대학교,건축설비과,47,64
유한대학교,게임콘텐츠과,47,67
유한대학교,관광경영과,47,29
유한대학교,광고기획과,47,31
유한대학교,교양과,47,3
유한대학교,국제경영과,47,35
유한대학교,금형설계과,47,76
유한대학교,기계과,47,78
유한대학교,기계설계과,47,80
유한대학교,바이오생명정보과,47,91
유한대학교,반려동물과,47,92
유한대학교,보건행정과,47,108
유한대학교,보건환경과,47,109
유한대학교,산업안전과,47,110
을지대학교,광고홍보학과,137,32
을지대학교,광학공학과,137,70
을지대학교,교양생활과학부,137,81
을지대학교,교양인문학부,137,4
을지대학교,방사선학과,137,106
을지대학교,보건관리학과,137,107
을지대학교,응급구조학과,137,117
을지대학교,의료정보공학과,137,119
이화여자대학교,간호학과,86,102
이화여자대학교,건축공학과,86,62
이화여자대학교,건축학과,86,65
이화여자대학교,경영학과,86,24
이화여자대학교,경제학과,86,26
이화여자대학교,과학교육과,86,43
이화여자대학교,광고홍보학과,86,32
이화여자대학교,교양공학부,86,71
이화여자대학교,교양사회과학부,86,34
이화여자대학교,교양인문학부,86,4
이화여자대학교,교양자연과학부,86,82
이화여자대학교,교육공학과,86,44
이화여자대학교,교육학과,86,45
이화여자대학교,국어교육과,86,46
이화여자대학교,국어국문학과,86,5
이화여자대학교,국제지역학과,86,7
이화여자대학교,국제학부,86,39
이화여자대학교,기계공학과,86,77
이화여자대학교,기독교학과,86,8
이화여자대학교,독어독문학과,86,11
이화여자대학교,문헌정보학과,86,18
이화여자대학교,물리학과,86,88
이화여자대학교,보건관리학과,86,107
이화여자대학교,사회교육과,86,54
이화여자대학교,생명과학과,86,95
이화여자대학교,수학교육과,86,56
이화여자대학교,약학부,86,112
이화여자대학교,의료정보공학과,86,119
인덕대학교,건설정보과,281,61
인덕대학교,기계과,281,78
인덕대학교,기계설계과,281,80
인덕대학교,산업안전과,281,110
인제대학교,고고학과,21,1
인제대학교,교양경상학부,21,33
인제대학교,교양인문학부,21,4
인제대학교,국제지역학과,21,7
인제대학교,국제통상학과,21,38
인천가톨릭대학교,간호학과,355,102
인천대학교,교양사회과학부,105,34
인천대학교,교양인문학부,105,4
인하공업전문대학,건축과,283,63
인하공업전문대학,관광경영과,283,29
인하공업전문대학,기계과,283,78
인하공업전문대학,기계설계과,283,80
인하공업전문대학,바이오생명정보과,283,91
인하대학교,고분자공학과,106,68
인하대학교,교양사회과학부,106,34
인하대학교,교양인문학부,106,4
인하대학교,교양자연과학부,106,82
인하대학교,교육학과,106,45
인하대학교,국제통상학과,106,38
인하대학교,국제학부,106,39
인하대학교,금속공학과,106,75
인하대학교,기타아시아어학과,106,9
인하대학교,미술교육과,106,52
장안대학교,경영정보과,48,22
장안대학교,교양과,48,3
장안대학교,문예창작과,48,15
장안대학교,바이오동물과,48,90
장안대학교,바이오생명정보과,48,91
장안대학교,보건환경과,48,109
재능대학교,건축과,29,63
재능대학교,게임콘텐츠과,29,67
재능대학교,경영정보과,29,22
재능대학교,경영회계정보과,29,25
재능대학교,교양과,29,3
재능대학교,바이오생명정보과,29,91
재능대학교,보건행정과,29,108
재능대학교,보건환경과,29,109
전남과학대학교,건축과,307,63
전남과학대학교,게임콘텐츠과,307,67
전남과학대학교,농수산과,307,84
전남과학대학교,물리치료과,307,103
전남과학대학교,소방안전관리과,307,111
전남대학교,교양인문학부,121,4
전남도립대학교,건축과,275,63
전남도립대학교,경찰행정과,275,27
전남도립대학교,기계과,275,78
전남도립대학교,농수산과,275,84
전남도립대학교,보건행정과,275,108
전남도립대학교,산업안전과,275,110
전남도립대학교,소방안전관리과,275,111
전남도립대학교,의료정보시스템과,275,120
전북과학대학교,건축설비과,313,64
전북과학대학교,바이오생명정보과,313,91
전북과학대학교,보건행정과,313,108
전북대학교,교양인문학부,168,4
전북대학교,교양자연과학부,168,82
전주교육대학교,미술교육과,295,52
전주교육대학교,사회교육과,295,54
전주기전대학,건축과,55,63
전주기전대학,경영회계정보과,55,25
전주기전대학,경찰행정과,55,27
전주기전대학,교양과,55,3
전주기전대학,기계과,55,78
전주기전대학,농수산과,55,84
전주기전대학,바이오동물과,55,90
전주기전대학,반려동물과,55,92
전주기전대학,보건행정과,55,108
전주기전대학,보건환경과,55,109
전주기전대학,언어재활과,55,113
전주기전대학,응급구조과,55,116
전주대학교,교양경상학부,169,33
전주대학교,교양공학부,169,71
전주대학교,교양사회과학부,169,34
전주대학교,교양인문학부,169,4
전주대학교,교양자연과학부,169,82
전주비전대학교,건축과,247,63
전주비전대학교,경영정보과,247,22
전주비전대학교,기계과,247,78
전주비전대학교,보건행정과,247,108
전주비전대학교,응급구조과,247,116
전주비전대학교,의료정보시스템과,247,120
정석대학,경영학과,255,24
정화예술대학교,관광경영과,282,29
제주관광대학교,건축과,289,63
제주관광대학교,게임콘텐츠과,289,67
제주관광대학교,국제경영과,289,35
제주관광대학교,기계과,289,78
제주국제대학교,건축학과,265,65
제주국제대학교,언어치료학과,265,59
제주한라대학교,관광통역과,25,2
제주한라대학교,물리치료과,25,103
제주한라대학교,방사선과,25,105
제주한라대학교,보건행정과,25,108
제주한라대학교,응급구조과,25,116
조선대학교,고고학과,12,1
조선대학교,교양사회과학부,12,34
조선대학교,교양인문학부,12,4
조선대학교,교양자연과학부,12,82
조선대학교,기타아시아어학과,12,9
조선대학교,기타유럽어학과,12,10
조선대학교,문예창작학과,12,16
조선대학교,보건관리학과,12,107
조선이공대학교,건축과,304,63
조선이공대학교,게임콘텐츠과,304,67
조선이공대학교,기계과,304,78
조선이공대학교,기계설계과,304,80
조선이공대학교,보건행정과,304,108
중부대학교,게임공학과,138,66
중부대학교,교양인문학부,138,4
중앙대학교,건축공학과,5,62
중앙대학교,건축학과,5,65
중앙대학교,경영학과,5,24
중앙대학교,경제학과,5,26
중앙대학교,고고학과,5,1
중앙대학교,광고홍보학과,5,32
중앙대학교,교양공학부,5,71
중앙대학교,교양사회과학부,5,34
중앙대학교,교양인문학부,5,4
중앙대학교,교양자연과학부,5,82
중앙대학교,교육학과,5,45
중앙대학교,국어국문학과,5,5
중앙대학교,국제문화정보학과,5,6
중앙대학교,국제학부,5,39
중앙대학교,기계공학과,5,77
중앙대학교,독어독문학과,5,11
중앙대학교,러시아어문학과,5,13
중앙대학교,문예창작학과,5,16
중앙대학교,문헌정보학과,5,18
중앙대학교,생명공학과,5,94
중앙대학교,생명과학과,5,95
중앙대학교,약학부,5,112
중원대학교,교양공학부,262,71
중원대학교,교양사회과학부,262,34
중원대학교,국제통상학과,262,38
중원대학교,군사학과,262,40
중원대학교,생물학과,262,97
중원대학교,의료정보공학과,262,119
진주교육대학교,가정교육과,296,41
진주교육대학교,과학교육과,296,43
진주교육대학교,교육학과,296,45
진주교육대학교,국어교육과,296,46
진주교육대학교,미술교육과,296,52
진주교육대학교,사회교육과,296,54
진주교육대학교,수학교육과,296,56
진주보건대학교,간호과,354,101
진주보건대학교,보건행정과,354,108
차의과학대학교,교양사회과학부,139,34
차의과학대학교,교양인문학부,139,4
차의과학대학교,보건관리학과,139,107
차의과학대학교,생명공학과,139,94
차의과학대학교,약학부,139,112
차의과학대학교,예술치료학과,139,115
창신대학교,교양인문학부,190,4
창원문성대학교,간호과,223,101
창원문성대학교,건축과,223,63
창원문성대학교,기계과,223,78
창원문성대학교,문헌정보과,223,17
창원문성대학교,보건행정과,223,108
청강문화산업대학교,게임콘텐츠과,214,67
청강문화산업대학교,문예창작과,214,15
청암대학교,반려동물과,276,92
청암대학교,보건행정과,276,108
청암대학교,산업안전과,276,110
청암대학교,소방안전관리과,276,111
청암대학교,응급구조과,276,116
청암대학교,의료정보시스템과,276,120
청운대학교,교양공학부,206,71
청운대학교,교양사회과학부,206,34
청운대학교,국제지역학과,206,7
청운대학교,기타아시아어학과,206,9
청주대학교,교양사회과학부,13,34
청주대학교,교양인문학부,13,4
초당대학교,건축학과,173,65
초당대학교,교양사회과학부,173,34
초당대학교,교양인문학부,173,4
초당대학교,국제학부,173,39
초당대학교,기계공학과,173,77
총신대학교,교양인문학부,87,4
추계예술대학교,경영학과,88,24
추계예술대학교,교양인문학부,88,4
추계예술대학교,문예창작학과,88,16
춘해보건대학교,간호과,346,101
춘해보건대학교,물리치료과,346,103
춘해보건대학교,방사선과,346,105
춘해보건대학교,보건행정과,346,108
춘해보건대학교,언어재활과,346,113
춘해보건대학교,응급구조과,346,116
춘해보건대학교,의료보장구과,346,118
충남대학교,교양인문학부,11,4
충남도립대학교,건설정보과,274,61
충남도립대학교,경찰행정과,274,27
충남도립대학교,농수산과,274,84
충남도립대학교,보건환경과,274,109
충남도립대학교,소방안전관리과,274,111
충북도립대학교,기계과,323,78
충북도립대학교,바이오생명정보과,323,91
충북도립대학교,보건환경과,323,109
충북보건과학대학교,간호과,273,101
충북보건과학대학교,경찰행정과,273,27
충북보건과학대학교,기계과,273,78
충북보건과학대학교,물리치료과,273,103
충북보건과학대학교,바이오동물과,273,90
충북보건과학대학교,바이오생명정보과,273,91
충북보건과학대학교,방사선과,273,105
충북보건과학대학교,보건행정과,273,108
충북보건과학대학교,응급구조과,273,116
충청대학교,건설정보과,51,61
충청대학교,경영회계정보과,51,25
충청대학교,교양과,51,3
충청대학교,기계과,51,78
충청대학교,반려동물과,51,92
충청대학교,보건행정과,51,108
충청대학교,소방안전관리과,51,111
충청대학교,응급구조과,51,116
충청대학교,의료보장구과,51,118
충청대학교,의료정보시스템과,51,120
칼빈대학교,국제문화정보학과,204,6
평택대학교,간호학과,140,102
평택대학교,교양인문학부,140,4
평택대학교,교양자연과학부,140,82
포항공과대학교,교양공학부,186,71
포항공과대학교,교양인문학부,186,4
포항공과대학교,기계공학과,186,77
포항공과대학교,물리학과,186,88
포항공과대학교,생명과학과,186,95
포항대학교,경영정보과,250,22
포항대학교,국방기술과,250,73
포항대학교,기계과,250,78
포항대학교,물리치료과,250,103
포항대학교,보건행정과,250,108
포항대학교,소방안전관리과,250,111
포항대학교,응급구조과,250,116
한경국립대학교,교양경상학부,141,33
한경국립대학교,교양사회과학부,141,34
한경국립대학교,교양생활과학부,141,81
한경국립대학교,교양인문학부,141,4
한경국립대학교,동물자원학과,141,86
한경국립대학교,문예창작학과,141,16
한국공학대학교,교양공학부,258,71
한국과학기술원,경영학과,111,24
한국과학기술원,교양공학부,111,71
한국과학기술원,교양인문학부,111,4
한국과학기술원,교양자연과학부,111,82
한국과학기술원,기계공학과,111,77
한국과학기술원,물리학과,111,88
한국과학기술원,생명공학과,111,94
한국과학기술원,생명과학과,111,95
한국관광대학교,관광경영과,285,29
한국교원대학교,가정교육과,294,41
한국교원대학교,국어교육과,294,46
한국교원대학교,기술교육과,294,48
한국교원대학교,독일어교육과,294,50
한국교원대학교,물리교육과,294,51
한국교원대학교,미술교육과,294,52
한국교원대학교,불어교육과,294,53
한국교원대학교,생물교육과,294,55
한국교원대학교,수학교육과,294,56
한국교원대학교,역사교육과,294,60
한국기술교육대학교,건축공학과,163,62
한국기술교육대학교,건축학과,163,65
한국기술교육대학교,경영학과,163,24
한국기술교육대학교,교양공학부,163,71
한국기술교육대학교,교양인문학부,163,4
한국기술교육대학교,기계설계공학과,163,79
한국농수산대학교,교양과,56,3
한국농수산대학교,농수산과,56,84
한국농수산대학교,바이오생명정보과,56,91
한국농수산대학교,반려동물과,56,92
한국방송통신대학교,간호학과,89,102
한국방송통신대학교,경영학과,89,24
한국방송통신대학교,경제학과,89,26
한국방송통신대학교,관광경영학과,89,30
한국방송통신대학교,교양생활과학부,89,81
한국방송통신대학교,교양인문학부,89,4
한국방송통신대학교,교육학과,89,45
한국방송통신대학교,국어국문학과,89,5
한국방송통신대학교,농공학과,89,83
한국방송통신대학교,보건관리학과,89,107
한국복지사이버대학,경영정보과,58,22
한국복지사이버대학,경찰행정과,58,27
한국복지사이버대학,교양과,58,3
한국복지사이버대학,농수산과,58,84
한국복지사이버대학,문화재과,58,20
한국복지사이버대학,반려동물과,58,92
한국성서대학교,교양사회과학부,291,34
한국승강기대학교,기계과,333,78
한국열린사이버대학교,경영학과,90,24
한국열린사이버대학교,교양인문학부,90,4
한국열린사이버대학교,군사학과,90,40
한국열린사이버대학교,보건관리학과,90,107
한국열린사이버대학교,산림자원학과,90,93
한국영상대학교,게임콘텐츠과,60,67
한국영상대학교,경찰행정과,60,27
한국영상대학교,교양과,60,3
한국영상대학교,문예창작과,60,15
한국예술종합학교,건축학과,216,65
한국예술종합학교,문예창작학과,216,16
한국외국어대학교,경영정보학과,91,23
한국외국어대학교,경영학과,91,24
한국외국어대학교,경제학과,91,26
한국외국어대학교,관광경영학과,91,30
한국외국어대학교,광고홍보학과,91,32
한국외국어대학교,교양사회과학부,91,34
한국외국어대학교,교양인문학부,91,4
한국외국어대학교,교육학과,91,45
한국외국어대학교,국어교육과,91,46
한국외국어대학교,국어국문학과,91,5
한국외국어대학교,국제지역학과,91,7
한국외국어대학교,국제통상학과,91,38
한국외국어대학교,국제학부,91,39
한국외국어대학교,기타아시아어학과,91,9
한국외국어대학교,기타유럽어학과,91,10
한국외국어대학교,독어독문학과,91,11
한국외국어대학교,독일어교육과,91,50
한국외국어대학교,러시아어문학과,91,13
한국외국어대학교,러시아학과,91,14
한국외국어대학교,물리학과,91,88
한국외국어대학교,불어교육과,91,53
한국외국어대학교,생명공학과,91,94
한국전통문화대학교,건축학과,15,65
한국전통문화대학교,고고학과,15,1
한국전통문화대학교,교양인문학부,15,4
한국침례신학대학교,교양인문학부,112,4
한국침례신학대학교,교육학과,112,45
한국폴리텍 I 대학 서울강서캠퍼스,의료정보시스템과,363,120
한국폴리텍 I 대학 서울정수캠퍼스,기계과,319,78
한국폴리텍 I 대학 서울정수캠퍼스,기계설계과,319,80
한국폴리텍 I 대학 성남캠퍼스,금형설계과,317,76
한국폴리텍 I 대학 성남캠퍼스,기계과,317,78
한국폴리텍 II 대학 인천캠퍼스,건축설비과,310,64
한국폴리텍 II 대학 인천캠퍼스,금형설계과,310,76
한국폴리텍 II 대학 인천캠퍼스,기계과,310,78
한국폴리텍 III 대학 강릉캠퍼스,기계과,321,78
한국폴리텍 III 대학 원주캠퍼스,기계과,322,78
한국폴리텍 III 대학 원주캠퍼스,의료보장구과,322,118
한국폴리텍 IV 대학 대전캠퍼스,기계과,320,78
한국폴리텍 IV 대학 아산캠퍼스,기계과,325,78
한국폴리텍 IV 대학 청주캠퍼스,기계과,324,78
한국폴리텍 IV 대학 충남캠퍼스,건축설비과,312,64
한국폴리텍 IV 대학 충남캠퍼스,기계과,312,78
한국폴리텍 IV 대학 충남캠퍼스,기계설계과,312,80
한국폴리텍 V 대학 광주캠퍼스,금형설계과,316,76
한국폴리텍 V 대학 광주캠퍼스,기계과,316,78
한국폴리텍 V 대학 광주캠퍼스,기계설계과,316,80
한국폴리텍 V 대학 익산캠퍼스,기계과,326,78
한국폴리텍 V 대학 전남캠퍼스,기계과,328,78
한국폴리텍 V 대학 전북캠퍼스,기계과,327,78
한국폴리텍 V 대학 전북캠퍼스,농수산과,327,84
한국폴리텍 VI 대학 구미캠퍼스,기계과,329,78
한국폴리텍 VI 대학 대구캠퍼스,금형설계과,315,76
한국폴리텍 VI 대학 대구캠퍼스,기계과,315,78
한국폴리텍 VI 대학 영남융합기술캠퍼스,바이오생명정보과,340,91
한국폴리텍 VII 대학 부산캠퍼스,금형설계과,314,76
한국폴리텍 VII 대학 부산캠퍼스,기계과,314,78
한국폴리텍 VII 대학 울산캠퍼스,건축설비과,311,64
한국폴리텍 VII 대학 울산캠퍼스,기계과,311,78
한국폴리텍 VII 대학 울산캠퍼스,산업안전과,311,110
한국폴리텍 VII 대학 진주캠퍼스,기계과,334,78
한국폴리텍 VII 대학 창원캠퍼스,금형설계과,318,76
한국폴리텍 VII 대학 창원캠퍼스,기계과,318,78
한국폴리텍 특성화대학 바이오캠퍼스,바이오생명정보과,341,91
한국항공대학교,교양공학부,142,71
한국항공대학교,교양인문학부,142,4
한남대학교,교양공학부,113,71
한남대학교,교양사회과학부,113,34
한남대학교,교양자연과학부,113,82
한동대학교,교양공학부,187,71
한라대학교,교양공학부,260,71
한림대학교,교양자연과학부,151,82
한림대학교,국제학부,151,39
한림대학교,언어치료학과,151,59
한림성심대학교,건축과,49,63
한림성심대학교,경영정보과,49,22
한림성심대학교,경영회계정보과,49,25
한림성심대학교,관광경영과,49,29
한림성심대학교,교양과,49,3
한림성심대학교,물리치료과,49,103
한림성심대학교,방사선과,49,105
한림성심대학교,보건환경과,49,109
한림성심대학교,의료보장구과,49,118
한서대학교,국제지역학과,164,7
한서대학교,국제학부,164,39
한서대학교,보건관리학과,164,107
한성대학교,교양공학부,92,71
한신대학교,교양공학부,144,71
한신대학교,교양사회과학부,144,34
한신대학교,교양자연과학부,144,82
한신대학교,국제지역학과,144,7
한신대학교,국제학부,144,39
한양대학교,교양자연과학부,93,82
한양대학교,국제지역학과,93,7
한양대학교 ERICA캠퍼스,광고홍보학과,145,32
한양대학교 ERICA캠퍼스,교양인문학부,145,4
한양대학교 ERICA캠퍼스,교양자연과학부,145,82
한양대학교 ERICA캠퍼스,국방기술학과,145,74
한양대학교 ERICA캠퍼스,약학부,145,112
한양사이버대학교,건축학과,252,65
한양사이버대학교,경영정보학과,252,23
한양사이버대학교,경영학과,252,24
한양사이버대학교,경제학과,252,26
한양사이버대학교,관광경영학과,252,30
한양사이버대학교,광고홍보학과,252,32
한양사이버대학교,교양사회과학부,252,34
한양사이버대학교,교육공학과,252,44
한양사이버대학교,국방기술학과,252,74
한양사이버대학교,기계공학과,252,77
한양사이버대학교,예술치료학과,252,115
한양여자대학교,경영정보과,212,22
한양여자대학교,관광경영과,212,29
한양여자대학교,문예창작과,212,15
한양여자대학교,보건행정과,212,108
한영대학교,교양과,57,3
한일장신대학교,교양인문학부,170,4
협성대학교,교양인문학부,146,4
혜전대학교,농수산과,338,84
혜전대학교,반려동물과,338,92
혜전대학교,소방안전관리과,338,111
혜전대학교,언어재활과,338,113
혜전대학교,의료정보시스템과,338,120
호남대학교,교양사회과학부,122,34
호남대학교,교양인문학부,122,4
호남대학교,교양자연과학부,122,82
호남대학교,보건관리학과,122,107
호산대학교,건축설비과,308,64
호산대학교,기계과,308,78
호산대학교,방사선과,308,105
호산대학교,소방안전관리과,308,111
호서대학교,교양인문학부,165,4
호서대학교,국제학부,165,39
호원대학교,게임공학과,171,66
홍익대학교,경영학과,94,24
홍익대학교,경제학과,94,26
홍익대학교,교양인문학부,94,4
홍익대학교,교육학과,94,45
홍익대학교,국어교육과,94,46
홍익대학교,국어국문학과,94,5
홍익대학교,독어독문학과,94,11
홍익대학교,수학교육과,94,56
홍익대학교,역사교육과,94,60
홍익대학교 세종캠퍼스,게임공학과,191,66
홍익대학교 세종캠퍼스,경영학과,191,24
홍익대학교 세종캠퍼스,교양인문학부,191,4
홍익대학교 세종캠퍼스,금속공학과,191,75
화성의과학대학교,경찰행정학과,259,28
화신사이버대학교,경영정보학과,203,23
화신사이버대학교,경영학과,203,24
화신사이버대학교,교양사회과학부,203,34
화신사이버대학교,국어교육과,203,46
화신사이버대학교,국제문화정보학과,203,6
화신사이버대학교,농공학과,203,83
