대학교명,학과명,전형명,50%컷,70%컷,90%컷
가야대학교,간호학과,일반학생전형,2.88,3.0,3.0
가야대학교,경영학과,학생부우수자전형,0.0,2.69,2.78
가야대학교,경찰행정학과,학생부우수자전형,0.0,3.04,3.19
가야대학교,물리치료학과,일반학생전형,3.25,3.25,3.25
가야대학교,방사선학과,일반학생전형,4.9,4.9,4.9
가천대학교,간호학과,학생부우수자전형,0.0,1.9,2.0
가천대학교,건축공학과,학생부우수자전형,0.0,2.77,2.79
가천대학교,건축학과,학생부우수자전형,0.0,2.77,2.79
가천대학교,경영학과,학생부우수자전형,0.0,2.69,2.78
가천대학교,경제학과,학생부우수자전형,0.0,2.65,2.83
가천대학교,경찰행정학과,학생부우수자전형,0.0,3.04,3.19
가천대학교,관광경영학과,학생부우수자전형,0.0,2.69,2.78
가천대학교,국어국문학과,학생부우수자전형,0.0,2.88,2.97
가천대학교,국제지역학과,학생부우수자전형,0.0,2.65,2.83
가천대학교,기계공학과,학생부우수자전형,0.0,2.72,2.8
가천대학교,물리치료학과,학생부우수자전형,0.0,1.79,2.01
가천대학교,물리학과,학생부우수자전형,0.0,2.87,3.24
가천대학교,방사선학과,학생부우수자전형,0.0,2.0,2.03
가천대학교,생명과학과,학생부우수자전형,0.0,2.29,2.3
가천대학교,약학부,학생부우수자전형,0.0,1.2,1.21
가톨릭관동대학교,간호학과,일반전형,3.09,3.78,3.78
가톨릭관동대학교,건축공학과,일반전형,5.2,5.2,5.2
가톨릭관동대학교,건축학과,일반전형,5.2,5.2,5.2
가톨릭관동대학교,경영학과,일반전형,5.73,6.29,6.29
가톨릭관동대학교,경찰행정학과,일반전형,5.53,6.3,6.3
가톨릭관동대학교,광고홍보학과,일반전형,6.02,6.1,6.1
가톨릭관동대학교,교육학과,일반전형,4.17,4.61,4.61
가톨릭관동대학교,국어교육과,일반전형,4.17,4.61,4.61
가톨릭관동대학교,생명공학과,일반전형,4.34,4.7,4.7
가톨릭관동대학교,생명과학과,일반전형,4.34,4.7,4.7
가톨릭관동대학교,수학교육과,일반전형,3.95,4.12,4.12
가톨릭관동대학교,역사교육과,일반전형,4.61,5.82,5.82
가톨릭꽃동네대학교,간호학과,일반학생전형,2.91,3.78,3.78
가톨릭대학교,가정교육과,교과전형,3.25,3.45,3.45
가톨릭대학교,간호학과,일반전형,3.09,3.78,3.78
가톨릭대학교,건축학과,교과전형,4.21,5.19,5.19
가톨릭대학교,경영학과,교과전형,4.87,5.39,5.39
가톨릭대학교,경제학과,교과전형,4.87,5.39,5.39
가톨릭대학교,교육학과,교과전형,3.25,3.45,3.45
가톨릭대학교,국어국문학과,교과전형,4.71,5.39,5.39
가톨릭대학교,물리학과,교과전형,3.71,4.39,4.39
가톨릭대학교,생명공학과,교과전형,5.07,5.74,5.74
가톨릭대학교,약학부,교과전형,1.42,1.44,1.44
가톨릭상지대학교,간호과,교과강원인재전형,3.44,3.5,3.5
가톨릭상지대학교,경영정보과,교과강원인재전형,5.47,5.47,5.47
강남대학교,건축공학과,일반전형,2.69,2.76,2.76
강남대학교,경영학과,일반학생전형,3.61,3.9,3.9
강남대학교,교양인문학부,일반전형,3.84,4.01,4.01
강남대학교,교육학과,일반전형,2.87,2.89,2.89
강남대학교,국제지역학과,일반전형,3.84,4.1,4.1
강남대학교,국제학부,일반전형,3.07,3.14,3.14
강남대학교,기독교학과,일반전형,6.46,6.46,6.46
강동대학교,간호과,일반학생전형,3.79,3.1,3.1
강동대학교,건축과,일반계교과전형,4.6,4.6,4.6
강동대학교,경영정보과,교과성적우수자전형,3.75,3.83,3.83
강동대학교,경찰행정과,일반전형,5.33,5.33,5.33
강동대학교,물리치료과,일반학생전형,3.46,3.57,3.57
강동대학교,보건행정과,일반계교과전형,3.5,4.0,4.0
강동대학교,응급구조과,일반학생전형,4.31,4.57,4.57
강서대학교,간호학과,일반학생전형,3.79,3.1,3.1
강서대학교,경영학과,일반전형,3.8,3.97,3.97
강원대학교,가정교육과,일반전형,2.94,2.94,2.94
강원대학교,간호학과,일반전형,2.95,3.06,3.06
강원대학교,건축공학과,일반전형,4.74,4.9,4.9
강원대학교,건축학과,인문계고전형,5.5,6.2,6.2
강원대학교,경영학과,해람교과전형,4.47,4.66,4.66
강원대학교,경제학과,해람교과전형,4.7,5.53,5.53
강원대학교,과학교육과,일반전형,2.93,3.14,3.14
강원대학교,관광경영학과,일반전형,3.8,3.97,3.97
강원대학교,광학공학과,일반전형,4.51,4.67,4.67
강원대학교,교양인문학부,일반전형,3.84,4.01,4.01
강원대학교,교육학과,일반전형,2.87,2.89,2.89
강원대학교,국어교육과,일반전형,3.0,3.0,3.0
강원대학교,국어국문학과,해람교과전형,4.7,5.23,5.23
강원대학교,금속공학과,일반전형,3.54,3.71,3.71
강원대학교,기계공학과,해람교과전형,6.01,6.32,6.32
강원대학교,기계설계공학과,해람교과전형,6.01,6.32,6.32
강원대학교,농공학과,일반전형,3.54,3.71,3.71
강원대학교,동물자원학과,일반전형,4.15,4.23,4.23
강원대학교,문화인류학과,일반전형,3.4,3.86,3.86
강원대학교,물리교육과,일반전형,2.76,2.92,2.92
강원대학교,물리치료학과,일반전형,2.77,2.91,2.91
강원대학교,물리학과,일반전형,2.77,2.91,2.91
강원대학교,방사선학과,일반전형,2.73,2.76,2.76
강원대학교,산림자원학과,일반전형,4.15,4.23,4.23
강원대학교,생명공학과,일반전형,3.77,3.92,3.92
강원대학교,생명과학과,일반전형,3.34,3.4,3.4
강원대학교,생물교육과,일반전형,2.6,3.1,3.1
강원대학교,생물학과,해람교과전형,5.3,5.88,5.88
강원대학교,생화학과,일반전형,3.34,3.4,3.4
강원대학교,수학교육과,일반전형,2.93,3.14,3.14
강원대학교,약학부,일반전형,1.18,1.19,1.19
강원대학교,역사교육과,일반전형,0.0,0.0,0.0
강원대학교,응급구조학과,일반전형,4.32,4.38,4.38
거제대학교,간호과,의예약학간호전형,1.9,2.0,2.0
거제대학교,관광경영과,일반학생전형(교과),4.04,5.28,5.28
건국대학교,건축공학과,KU지역균형전형,2.11,2.24,2.24
건국대학교,건축학과,KU지역균형전형,2.11,2.24,2.24
건국대학교,경영학과,KU지역균형전형,1.85,2.04,2.04
건국대학교,경제학과,KU지역균형전형,1.82,1.87,1.87
건국대학교,교육공학과,교과성적우수자전형,2.29,2.29,2.29
건국대학교,교육학과,교과성적우수자전형,2.29,2.29,2.29
건국대학교,국어국문학과,KU지역균형전형,1.77,1.77,1.77
건국대학교,국제통상학과,교과성적우수자전형,2.16,2.21,2.21
건국대학교,기계공학과,KU지역균형전형,1.89,2.0,2.0
건국대학교,동물자원학과,KU지역균형전형,1.59,1.71,1.71
건국대학교,물리학과,KU지역균형전형,2.0,2.0,2.0
건국대학교,생명공학과,학생부(교과)전형,3.6,3.8,3.8
건국대학교,생명과학과,학생부(교과)전형,3.6,3.8,3.8
건국대학교,생물학과,KU지역균형전형,1.75,1.75,1.75
건국대학교,수학교육과,KU지역균형전형,1.78,1.81,1.81
건국대학교 글로컬캠퍼스,간호학과,학생부(교과)전형,2.0,2.4,2.4
건국대학교 글로컬캠퍼스,경영학과,학생부(교과)전형,3.7,3.9,3.9
건국대학교 글로컬캠퍼스,경제학과,KU지역균형전형,1.82,1.87,1.87
건국대학교 글로컬캠퍼스,경찰행정학과,학생부(교과)전형,3.3,4.0,4.0
건국대학교 글로컬캠퍼스,교양공학부,KU지역균형전형,1.69,1.78,1.78
건국대학교 글로컬캠퍼스,교육학과,KU지역균형전형,1.78,1.81,1.81
건국대학교 글로컬캠퍼스,국어국문학과,KU지역균형전형,1.77,1.77,1.77
건국대학교 글로컬캠퍼스,국제지역학과,KU지역균형전형,1.52,2.1,2.1
건국대학교 글로컬캠퍼스,국제통상학과,학생부(교과)전형,3.9,3.9,3.9
건국대학교 글로컬캠퍼스,금속공학과,KU지역균형전형,1.64,1.92,1.92
건국대학교 글로컬캠퍼스,기계공학과,KU지역균형전형,1.89,2.0,2.0
건국대학교 글로컬캠퍼스,문헌정보학과,학생부(교과)전형,3.7,3.7,3.7
건국대학교 글로컬캠퍼스,생명공학과,학생부(교과)전형,3.6,3.8,3.8
건국대학교 글로컬캠퍼스,생화학과,KU지역균형전형,1.64,1.64,1.64
건양대학교,간호학과,일반학생전형(교과),1.7,1.87,1.87
건양대학교,경영학과,KU지역균형전형,1.85,2.04,2.04
건양대학교,경찰행정학과,일반학생전형(교과),5.13,5.89,5.89
건양대학교,관광경영학과,아리학생부교과전형,2.46,2.8,2.8
건양대학교,광학공학과,일반학생전형(교과),4.5,4.74,4.74
건양대학교,군사학과,군사학전형,4.67,5.08,5.08
건양대학교,기계공학과,일반학생전형(교과),4.5,4.74,4.74
건양대학교,물리치료학과,일반학생전형(교과),2.17,2.24,2.24
건양대학교,방사선학과,일반학생전형(교과),2.36,2.5,2.5
건양대학교,생명공학과,일반학생전형(교과),3.51,3.7,3.7
건양대학교,응급구조학과,일반학생전형(교과),2.89,3.12,3.12
건양대학교,의료정보공학과,일반학생전형(교과),4.5,4.74,4.74
경기대학교,건축공학과,일반학생전형,4.86,5.08,5.08
경기대학교,건축학과,일반계고교과전형,0.0,3.8,3.8
경기대학교,경영정보학과,교과성적우수자전형,3.31,3.36,3.36
경기대학교,경영학과,일반학생전형,4.61,4.84,4.84
경기대학교,경제학과,교과성적우수인재전형,4.0,4.0,4.0
경기대학교,경찰행정학과,일반계고교과전형,0.0,3.3,3.3
경기대학교,관광경영학과,교과성적우수자전형,1.6,1.83,1.83
경기대학교,교육학과,일반전형(교과),3.9,4.1,4.1
경기대학교,국어국문학과,교과성적우수자전형,3.39,3.39,3.39
경기대학교,국제통상학과,일반계고교과전형,0.0,4.3,4.3
경기대학교,기계공학과,교과성적우수자전형,3.35,3.38,3.38
경기대학교,독어독문학과,교과우수자전형,3.14,3.16,3.16
경기대학교,러시아어문학과,교과성적우수자전형,3.39,3.39,3.39
경기대학교,문헌정보학과,교과우수자전형,2.51,2.59,2.59
경기대학교,물리학과,교과우수자전형,3.16,3.53,3.53
경기대학교,생명공학과,교과우수자전형,4.84,5.02,5.02
경기대학교,생명과학과,교과우수자전형,5.35,5.79,5.79
경남대학교,가정교육과,일반전형(교과),3.4,3.7,3.7
경남대학교,간호학과,일반전형(교과),2.8,3.1,3.1
경남대학교,건축공학과,일반학생전형,4.86,5.08,5.08
경남대학교,건축학과,일반계고교과전형,0.0,3.8,3.8
경남대학교,게임공학과,일반전형(교과),4.9,5.1,5.1
경남대학교,경영학과,일반학생전형,4.61,4.84,4.84
경남대학교,경제학과,교과성적우수인재전형,4.0,4.0,4.0
경남대학교,경찰행정학과,일반전형(교과),4.4,4.4,4.4
경남대학교,고고학과,일반전형,3.38,3.54,3.54
경남대학교,과학교육과,일반전형(교과),1.9,2.3,2.3
경남대학교,관광경영학과,교과성적우수자전형,1.6,1.83,1.83
경남대학교,광고홍보학과,일반계고교과전형,0.0,3.3,3.3
경남대학교,교육학과,일반전형(교과),3.9,4.1,4.1
경남대학교,국어교육과,일반전형(교과),3.5,4.1,4.1
경남대학교,국어국문학과,교과성적우수자전형,3.39,3.39,3.39
경남대학교,군사학과,일반학생전형,4.6,4.81,4.81
경남대학교,기계공학과,일반전형(교과),5.1,5.6,5.6
경남대학교,물리치료학과,일반전형(교과),3.3,3.5,3.5
경남대학교,미술교육과,일반전형(교과),3.9,4.1,4.1
경남대학교,보건관리학과,일반전형(교과),3.8,4.5,4.5
경남대학교,생명공학과,일반학생전형,3.92,4.03,4.03
경남대학교,수학교육과,일반전형(교과),1.9,2.3,2.3
경남정보대학교,간호과,일반전형(교과),2.8,3.1,3.1
경남정보대학교,물리치료과,일반전형(교과),3.3,3.5,3.5
경동대학교,간호학과,일반학생전형,3.46,3.65,3.65
경동대학교,건축공학과,일반학생전형,4.86,5.08,5.08
경동대학교,경영학과,일반학생전형,4.61,4.84,4.84
경동대학교,경찰행정학과,일반학생전형,3.77,4.04,4.04
경동대학교,관광경영학과,일반학생전형,4.59,5.08,5.08
경동대학교,광학공학과,교과우수자전형,1.74,1.75,1.75
경동대학교,국제지역학과,교과성적우수자전형,3.42,3.58,3.58
경동대학교,국제학부,일반학생전형,5.18,5.18,5.18
경동대학교,군사학과,일반학생전형,4.6,4.81,4.81
경동대학교,물리치료학과,일반학생전형,3.46,3.57,3.57
경동대학교,보건관리학과,교과성적우수자전형,4.08,4.25,4.25
경동대학교,응급구조학과,일반학생전형,4.31,4.57,4.57
경민대학교,간호과,일반전형(교과),2.8,3.1,3.1
경민대학교,건축과,일반계고교과전형,0.0,3.8,3.8
경민대학교,게임콘텐츠과,일반전형,0.0,4.23,4.23
경민대학교,아동교육과,일반전형(교과),3.9,4.4,4.4
경복대학교,간호과,일반전형(교과),2.8,3.1,3.1
경복대학교,건축과,일반계고교과전형,0.0,3.8,3.8
경복대학교,물리치료과,일반전형(교과),3.3,3.5,3.5
경북과학대학교,간호과,교과우수자전형,2.16,2.22,2.22
경북대학교,가정교육과,교과우수자전형,3.51,3.8,3.8
경북대학교,간호학과,교과우수자전형,2.16,2.22,2.22
경북대학교,건축공학과,일반학생전형,4.86,5.08,5.08
경북대학교,건축학과,일반계고교과전형,0.0,3.8,3.8
경북대학교,경영학과,일반학생전형,4.61,4.84,4.84
경북대학교,고분자공학과,교과우수자전형,2.76,2.81,2.81
경북대학교,관광경영학과,교과우수자전형,4.89,5.19,5.19
경북대학교,교양사회과학부,교과우수자전형,2.78,2.89,2.89
경북대학교,교육학과,일반전형(교과),3.9,4.1,4.1
경북대학교,국어교육과,교과우수자전형,2.95,3.79,3.79
경북대학교,국어국문학과,교과우수자전형,2.76,2.81,2.81
경북대학교,국제통상학과,일반계고교과전형,0.0,4.3,4.3
경북대학교,기계공학과,교과우수자전형,5.78,6.18,6.18
경북대학교,기계설계공학과,교과우수자전형,5.78,6.18,6.18
경북대학교,농공학과,교과우수자전형,3.86,3.99,3.99
경북대학교,대기과학과,교과우수자전형,3.31,3.43,3.43
경북대학교,독어독문학과,교과우수자전형,3.14,3.16,3.16
경북대학교,독일어교육과,일반전형(교과),4.2,4.8,4.8
경북대학교,러시아어문학과,학생부교과전형,3.77,3.79,3.79
경북대학교,말특수동물학과,교과우수자전형,4.28,4.4,4.4
경북대학교,문헌정보학과,교과우수자전형,2.51,2.59,2.59
경북대학교,문화인류학과,일반학생전형,4.0,4.18,4.18
경북대학교,물리교육과,교과우수자전형,3.5,3.99,3.99
경북대학교,물리학과,교과우수자전형,3.16,3.53,3.53
경북대학교,불어교육과,교과우수자전형,2.95,3.79,3.79
경북대학교,산림자원학과,교과우수자전형,5.35,5.58,5.58
경북대학교,생명공학과,교과우수자전형,4.84,5.02,5.02
경북대학교,생명과학과,교과우수자전형,5.35,5.79,5.79
경북대학교,생물교육과,교과우수자전형,2.29,2.45,2.45
경북대학교,생물산업기계공학과,교과우수자전형,3.45,3.55,3.55
경북대학교,생물학과,교과우수자전형,2.24,2.44,2.44
경북대학교,생화학과,교과우수자전형,2.47,2.6,2.6
경북대학교,수학교육과,교과우수자전형,2.91,3.58,3.58
경북대학교,약학부,교과우수자전형,1.26,1.3,1.3
경북대학교,역사교육과,교과우수자전형,2.42,2.64,2.64
경북보건대학교,간호과,교과우수자전형,2.16,2.22,2.22
경북전문대학교,간호과,교과우수자전형,2.16,2.22,2.22
경상국립대학교,간호학과,일반전형(교과),2.78,2.94,2.94
경상국립대학교,건축공학과,일반전형(교과),3.99,4.12,4.12
경상국립대학교,건축학과,일반전형(교과),3.99,4.12,4.12
경상국립대학교,경영정보학과,일반전형(교과),4.42,4.57,4.57
경상국립대학교,경영학과,일반전형(교과),4.42,4.57,4.57
경상국립대학교,경제학과,일반전형(교과),4.16,4.41,4.41
경상국립대학교,교육학과,일반전형(교과),3.89,3.89,3.89
경상국립대학교,국어교육과,일반전형(교과),3.13,3.29,3.29
경상국립대학교,국어국문학과,일반전형(교과),3.07,3.22,3.22
경상국립대학교,국제통상학과,일반전형(교과),4.36,4.78,4.78
경상국립대학교,금속공학과,일반전형(교과),3.82,4.58,4.58
경상국립대학교,기계공학과,일반전형(교과),4.5,4.83,4.83
경상국립대학교,농공학과,일반전형(교과),3.59,4.03,4.03
경상국립대학교,독어독문학과,일반전형(교과),4.34,4.63,4.63
경상국립대학교,동물자원학과,일반전형(교과),6.21,6.29,6.29
경상국립대학교,러시아학과,일반전형(교과),4.16,4.76,4.76
경상국립대학교,물리교육과,일반전형(교과),5.12,5.12,5.12
경상국립대학교,물리학과,일반전형(교과),6.21,6.29,6.29
경상국립대학교,미술교육과,일반전형(교과),3.89,3.89,3.89
경상국립대학교,생명공학과,일반전형,4.27,4.44,4.44
경상국립대학교,생명과학과,일반전형(교과),6.08,6.26,6.26
경상국립대학교,생물교육과,일반전형(교과),0.0,0.0,0.0
경상국립대학교,생물산업기계공학과,일반전형(교과),4.97,5.14,5.14
경상국립대학교,생물학과,일반전형(교과),6.21,6.29,6.29
경상국립대학교,수산학과,일반전형(교과),5.15,5.54,5.54
경상국립대학교,수학교육과,일반전형(교과),3.36,3.37,3.37
경상국립대학교,약학부,일반전형(교과),1.39,1.42,1.42
경상국립대학교,역사교육과,일반전형(교과),2.72,2.95,2.95
경성대학교,간호학과,일반계고교과전형,0.0,2.6,2.6
경성대학교,건축학과,일반계고교과전형,0.0,3.8,3.8
경성대학교,경영학과,일반계고교과전형,0.0,4.2,4.2
경성대학교,경제학과,교과성적우수인재전형,4.0,4.0,4.0
경성대학교,경찰행정학과,일반계고교과전형,0.0,3.3,3.3
경성대학교,관광경영학과,일반계고교과전형,0.0,4.2,4.2
경성대학교,광고홍보학과,일반계고교과전형,0.0,3.3,3.3
경성대학교,교양인문학부,일반계고교과전형,0.0,4.6,4.6
경성대학교,교육학과,일반전형(교과),3.9,4.1,4.1
경성대학교,국어국문학과,교과성적우수자전형,3.39,3.39,3.39
경성대학교,국제지역학과,일반계고교과전형,0.0,4.3,4.3
경성대학교,국제학부,일반학생전형,5.18,5.18,5.18
경성대학교,기계공학과,일반계고교과전형,0.0,4.8,4.8
경성대학교,기계설계공학과,일반계고교과전형,0.0,5.4,5.4
경성대학교,문헌정보학과,일반계고교과전형,0.0,3.5,3.5
경성대학교,물리치료학과,일반계고교과전형,0.0,2.5,2.5
경성대학교,물리학과,교과우수자전형,3.16,3.53,3.53
경성대학교,생명과학과,일반계고교과전형,0.0,3.7,3.7
경성대학교,생화학과,교과성적우수자전형,3.53,3.53,3.53
경성대학교,약학부,일반계고교과전형,0.0,1.32,1.32
경운대학교,간호학과,교과전형,3.2,3.6,3.6
경운대학교,건축학과,일반계고교과전형,0.0,3.8,3.8
경운대학교,경영학과,일반학생전형,4.61,4.84,4.84
경운대학교,경찰행정학과,일반계고교과전형,0.0,3.3,3.3
경운대학교,관광경영학과,교과성적우수자전형,1.6,1.83,1.83
경운대학교,군사학과,일반학생전형,4.6,4.81,4.81
경운대학교,물리치료학과,교과전형,3.4,3.9,3.9
경운대학교,생명공학과,교과우수자전형,4.84,5.02,5.02
경일대학교,간호학과,일반전형,0.0,2.76,2.76
경일대학교,건축공학과,일반학생전형,4.86,5.08,5.08
경일대학교,건축학과,일반계고교과전형,0.0,3.8,3.8
경일대학교,게임공학과,일반전형(교과),4.9,5.1,5.1
경일대학교,경영학과,일반학생전형,4.61,4.84,4.84
경일대학교,경찰행정학과,일반계고교과전형,0.0,3.3,3.3
경일대학교,교육학과,일반전형(교과),3.9,4.1,4.1
경일대학교,국제통상학과,일반계고교과전형,0.0,4.3,4.3
경일대학교,기계공학과,교과우수자전형,5.78,6.18,6.18
경일대학교,문헌정보학과,교과우수자전형,2.51,2.59,2.59
경일대학교,응급구조학과,일반전형,0.0,3.53,3.53
경희대학교,간호학과,일반전형(교과),2.8,3.1,3.1
경희대학교,건축공학과,일반학생전형,4.86,5.08,5.08
경희대학교,건축학과,일반계고교과전형,0.0,3.8,3.8
경희대학교,경영학과,일반학생전형,4.61,4.84,4.84
경희대학교,경제학과,교과성적우수인재전형,4.0,4.0,4.0
경희대학교,관광경영학과,교과성적우수자전형,1.6,1.83,1.83
경희대학교,국어국문학과,교과성적우수자전형,3.39,3.39,3.39
경희대학교,국제지역학과,교과성적우수인재전형,4.0,4.0,4.0
경희대학교,국제통상학과,일반계고교과전형,0.0,4.3,4.3
경희대학교,국제학부,일반학생전형,5.18,5.18,5.18
경희대학교,기계공학과,교과우수자전형,5.78,6.18,6.18
경희대학교,물리학과,교과우수자전형,3.16,3.53,3.53
경희대학교,생명공학과,교과우수자전형,4.84,5.02,5.02
경희대학교,생명과학과,교과우수자전형,5.35,5.79,5.79
경희대학교,생물학과,교과우수자전형,2.24,2.44,2.44
경희대학교,생화학과,교과성적우수자전형,3.53,3.53,3.53
계명대학교,간호학과,일반전형(교과),2.42,2.5,2.5
계명대학교,건축공학과,일반전형(교과),5.28,5.37,5.37
계명대학교,건축학과,일반전형(교과),5.28,5.37,5.37
계명대학교,게임공학과,일반고교과전형,3.88,4.63,4.63
계명대학교,경영정보학과,일반전형(교과),5.29,5.57,5.57
계명대학교,경영학과,일반전형(교과),4.24,4.54,4.54
계명대학교,경제학과,일반전형(교과),5.21,5.64,5.64
계명대학교,경찰행정학과,일반전형(교과),3.08,3.28,3.28
계명대학교,관광경영학과,일반전형(교과),4.97,5.06,5.06
계명대학교,광고홍보학과,일반전형(교과),4.76,5.21,5.21
계명대학교,교육학과,일반전형(교과),4.21,4.34,4.34
계명대학교,교통공학과,일반전형(교과),5.77,6.42,6.42
계명대학교,국어교육과,일반전형(교과),3.63,3.63,3.63
계명대학교,국어국문학과,일반전형(교과),4.43,4.43,4.43
계명대학교,국제관계학과,일반전형(교과),4.06,5.22,5.22
계명대학교,국제통상학과,일반전형(교과),5.39,5.67,5.67
계명대학교,기계공학과,일반전형(교과),5.35,5.74,5.74
계명대학교,기독교학과,일반전형(교과),3.26,5.8,5.8
계명대학교,독일학과,일반전형(교과),6.09,6.2,6.2
계명대학교,러시아어문학과,일반전형(교과),4.43,4.43,4.43
계명대학교,문예창작학과,일반전형(교과),3.7,3.7,3.7
계명대학교,문헌정보학과,일반전형(교과),4.14,4.56,4.56
계명대학교,보건관리학과,일반전형(교과),5.2,5.26,5.26
계명대학교,생명과학과,일반전형(교과),5.25,5.55,5.55
계명대학교,약학부,일반전형(교과),1.27,1.29,1.29
계명문화대학교,간호과,일반전형(교과),2.42,2.5,2.5
계명문화대학교,경찰행정과,일반전형(교과),3.08,3.28,3.28
고려대학교,간호학과,일반고전형,2.25,2.3,2.3
고려대학교,경영학과,일반전형,3.5,3.55,3.55
고려대학교,경제학과,일반전형,3.45,3.45,3.45
고려대학교,국제학부,일반전형,3.15,3.18,3.18
고려대학교,기계공학과,일반전형,2.88,2.88,2.88
고려대학교,생명공학과,일반전형,5.22,5.22,5.22
고려대학교,생명과학과,일반전형,5.22,5.22,5.22
고려대학교,의료정보공학과,일반전형,5.22,5.22,5.22
고려대학교 세종캠퍼스,경영정보학과,일반전형,5.22,5.22,5.22
고려대학교 세종캠퍼스,경영학과,일반전형,3.5,3.55,3.55
고려대학교 세종캠퍼스,경제학과,일반전형,3.45,3.45,3.45
고려대학교 세종캠퍼스,국제학부,일반전형,3.15,3.18,3.18
고려대학교 세종캠퍼스,생명공학과,일반전형,5.22,5.22,5.22
고신대학교,간호학과,일반고전형,2.25,2.3,2.3
고신대학교,경영학과,일반전형,6.4,6.4,6.4
고신대학교,국어교육과,일반고교과전형,2.6,2.9,2.9
고신대학교,기독교학과,일반고전형,4.15,4.15,4.15
고신대학교,언어치료학과,일반고전형,4.87,5.0,5.0
공주교육대학교,사회교육과,일반전형(교과),2.48,2.51,2.51
광신대학교,국어교육과,일반전형,0.0,0.0,0.0
광운대학교,건축공학과,일반전형,4.74,4.9,4.9
광운대학교,건축학과,일반전형,4.74,4.9,4.9
광운대학교,경영학과,일반학생전형,6.85,7.39,7.39
광운대학교,국어국문학과,일반전형,4.4,4.54,4.54
광운대학교,물리학과,교과전형,3.4,3.9,3.9
광주교육대학교,국어교육과,일반학생전형,0.0,0.0,0.0
광주대학교,간호학과,일반학생전형,4.78,4.94,4.94
광주대학교,건축학과,일반전형(교과),3.91,4.07,4.07
광주대학교,경영학과,일반학생전형,6.85,7.39,7.39
광주대학교,경찰행정학과,일반학생전형Ⅱ,6.0,6.67,6.67
광주대학교,관광경영학과,일반전형(교과),4.76,4.99,4.99
광주대학교,국방기술학과,일반학생전형,6.46,6.97,6.97
광주대학교,국어교육과,일반학생전형,0.0,0.0,0.0
광주대학교,군사학과,일반전형(교과),3.87,3.94,3.94
광주대학교,기계공학과,일반학생전형,5.67,6.43,6.43
광주대학교,문예창작학과,일반학생전형,5.52,5.9,5.9
광주대학교,문헌정보학과,일반학생전형,5.51,5.71,5.71
광주대학교,언어치료학과,일반학생전형,6.64,6.67,6.67
광주대학교,응급구조학과,일반학생전형,6.35,6.78,6.78
광주보건대학교,간호과,일반학생전형,4.78,4.94,4.94
광주보건대학교,응급구조과,일반학생전형,6.35,6.78,6.78
광주여자대학교,간호학과,일반학생전형Ⅰ,5.42,5.55,5.55
광주여자대학교,경영학과,일반학생전형,6.85,7.39,7.39
광주여자대학교,경찰행정학과,일반학생전형Ⅱ,6.0,6.67,6.67
광주여자대학교,국어교육과,일반학생전형,0.0,0.0,0.0
광주여자대학교,국제학부,일반학생전형Ⅱ,6.0,7.0,7.0
광주여자대학교,물리치료학과,일반학생전형Ⅰ,5.86,6.22,6.22
광주여자대학교,언어치료학과,일반학생전형Ⅰ,0.0,0.0,0.0
구미대학교,간호과,일반전형,1.94,2.09,2.09
구미대학교,물리치료과,일반전형,2.33,2.48,2.48
구미대학교,응급구조과,일반전형,3.14,3.3,3.3
국립강릉원주대학교,간호학과,해람교과전형,2.92,3.03,3.03
국립강릉원주대학교,경영학과,해람교과전형,4.47,4.66,4.66
국립강릉원주대학교,경제학과,해람교과전형,4.7,5.53,5.53
국립강릉원주대학교,관광경영학과,해람교과전형,5.11,5.2,5.2
국립강릉원주대학교,교육학과,해람교과전형,4.84,5.12,5.12
국립강릉원주대학교,국어국문학과,해람교과전형,4.7,5.23,5.23
국립강릉원주대학교,국제통상학과,해람교과전형,5.37,6.41,6.41
국립강릉원주대학교,기계공학과,해람교과전형,6.01,6.32,6.32
국립강릉원주대학교,대기과학과,해람교과전형,4.58,5.0,5.0
국립강릉원주대학교,독어독문학과,해람교과전형,4.7,5.23,5.23
국립강릉원주대학교,물리학과,해람교과전형,5.3,5.88,5.88
국립강릉원주대학교,생명공학과,해람교과전형,5.3,5.88,5.88
국립강릉원주대학교,생명과학과,해람교과전형,5.74,5.99,5.99
국립강릉원주대학교,생물학과,해람교과전형,5.3,5.88,5.88
국립공주대학교,간호학과,일반전형(교과),3.12,3.22,3.22
국립공주대학교,건축공학과,일반전형(교과),3.91,4.07,4.07
국립공주대학교,건축학과,일반전형(교과),3.91,4.07,4.07
국립공주대학교,게임공학과,일반전형(교과),3.3,3.66,3.66
국립공주대학교,경영학과,일반전형(교과),3.69,4.01,4.01
국립공주대학교,경제학과,일반전형(교과),3.69,4.01,4.01
국립공주대학교,고분자공학과,일반전형(교과),5.31,5.72,5.72
국립공주대학교,공업화학과,일반전형(교과),4.38,4.69,4.69
국립공주대학교,관광경영학과,일반전형(교과),4.76,4.99,4.99
국립공주대학교,광학공학과,일반전형(교과),5.31,5.72,5.72
국립공주대학교,교육학과,일반전형(교과),2.97,2.99,2.99
국립공주대학교,교통공학과,일반전형(교과),5.27,5.46,5.46
국립공주대학교,국어교육과,일반전형(교과),2.64,3.2,3.2
국립공주대학교,국제통상학과,일반전형(교과),4.46,4.58,4.58
국립공주대학교,국제학부,일반전형(교과),5.61,6.55,6.55
국립공주대학교,기계공학과,일반전형(교과),5.31,5.72,5.72
국립공주대학교,기술교육과,일반전형(교과),2.42,3.03,3.03
국립공주대학교,농공학과,일반전형(교과),5.31,5.72,5.72
국립공주대학교,대기과학과,일반전형(교과),4.05,4.24,4.24
국립공주대학교,독어독문학과,일반전형(교과),5.04,5.17,5.17
국립공주대학교,동물자원학과,일반전형(교과),4.97,5.19,5.19
국립공주대학교,말특수동물학과,일반전형(교과),3.54,3.58,3.58
국립공주대학교,물리교육과,일반전형(교과),3.65,3.68,3.68
국립공주대학교,물리학과,일반전형(교과),4.29,4.35,4.35
국립공주대학교,미술교육과,일반전형(교과),3.51,3.82,3.82
국립공주대학교,사회교육과,일반전형(교과),2.48,2.51,2.51
국립공주대학교,산림자원학과,일반전형(교과),5.34,5.83,5.83
국립공주대학교,생명과학과,일반전형(교과),3.7,4.31,4.31
국립공주대학교,생물교육과,일반전형(교과),2.23,2.23,2.23
국립공주대학교,수학교육과,일반전형(교과),2.86,3.02,3.02
국립공주대학교,역사교육과,일반전형(교과),2.28,2.35,2.35
국립공주대학교,응급구조학과,일반전형(교과),3.73,4.03,4.03
국립공주대학교,의료정보공학과,일반전형(교과),4.63,4.77,4.77
국립군산대학교,간호학과,일반전형,2.17,2.25,2.25
국립군산대학교,건축공학과,일반전형,7.09,7.38,7.38
국립군산대학교,건축학과,일반전형,7.09,7.38,7.38
국립군산대학교,경영학과,일반전형,4.98,5.69,5.69
국립군산대학교,경제학과,일반전형,6.26,6.71,6.71
국립군산대학교,교양공학부,일반전형,7.09,7.38,7.38
국립군산대학교,국어국문학과,일반전형,4.91,5.84,5.84
국립군산대학교,기계공학과,일반전형,6.1,6.26,6.26
국립군산대학교,기계설계공학과,일반전형,6.1,6.26,6.26
국립군산대학교,물리학과,일반전형,5.96,6.76,6.76
국립군산대학교,생명공학과,일반전형,5.14,5.39,5.39
국립군산대학교,생명과학과,일반전형,5.14,5.39,5.39
국립군산대학교,생물학과,일반전형,5.14,5.39,5.39
국립군산대학교,수산학과,일반전형,7.25,7.25,7.25
국립금오공과대학교,경영학과,학생부교과전형,3.53,4.75,4.75
국립금오공과대학교,고분자공학과,학생부교과전형,5.42,5.77,5.77
국립금오공과대학교,광학공학과,학생부교과전형,4.44,4.51,4.51
국립금오공과대학교,기계공학과,학생부교과전형,4.57,5.06,5.06
국립금오공과대학교,기계설계공학과,학생부교과전형,4.57,5.06,5.06
국립금오공과대학교,생명과학과,학생부교과전형,4.47,4.72,4.72
국립목포대학교,간호학과,교과일반전형,0.0,2.79,2.79
국립목포대학교,건축공학과,교과일반전형,0.0,5.11,5.11
국립목포대학교,건축학과,교과일반전형,0.0,4.18,4.18
국립목포대학교,경영학과,교과일반전형,0.0,7.1,7.1
국립목포대학교,경제학과,교과일반전형,0.0,6.58,6.58
국립목포대학교,관광경영학과,교과일반전형,0.0,6.29,6.29
국립목포대학교,교양경상학부,교과일반전형,0.0,7.1,7.1
국립목포대학교,교양인문학부,교과일반전형,0.0,5.7,5.7
국립목포대학교,교육학과,교과일반전형,0.0,4.15,4.15
국립목포대학교,국어국문학과,교과일반전형,0.0,7.15,7.15
국립목포대학교,국제지역학과,교과일반전형,0.0,3.2,3.2
국립목포대학교,국제학부,교과일반전형,0.0,6.58,6.58
국립목포대학교,기계공학과,교과일반전형,0.0,5.11,5.11
국립목포대학교,생명과학과,교과일반전형,0.0,5.35,5.35
국립목포대학교,수학교육과,교과일반전형,0.0,4.61,4.61
국립목포대학교,약학부,교과일반전형,0.0,1.27,1.27
국립목포해양대학교,생명공학과,학생부성적우수자전형,4.72,5.54,5.54
국립부경대학교,간호학과,교과성적우수인재전형,3.0,3.0,3.0
국립부경대학교,건축공학과,교과성적우수인재전형,3.0,3.0,3.0
국립부경대학교,건축학과,교과성적우수인재전형,3.0,3.0,3.0
국립부경대학교,경영학과,교과성적우수인재전형,3.0,3.0,3.0
국립부경대학교,경제학과,교과성적우수인재전형,4.0,4.0,4.0
국립부경대학교,경찰행정학과,교과성적우수인재전형,4.0,4.0,4.0
국립부경대학교,고분자공학과,교과성적우수인재전형,3.0,3.0,3.0
국립부경대학교,공업화학과,교과성적우수인재전형,3.0,3.0,3.0
국립부경대학교,관광경영학과,교과성적우수인재전형,3.0,3.0,3.0
국립부경대학교,교육학과,교과성적우수인재전형,0.0,0.0,0.0
국립부경대학교,국어국문학과,교과성적우수인재전형,3.0,3.0,3.0
국립부경대학교,국제지역학과,교과성적우수인재전형,4.0,4.0,4.0
국립부경대학교,국제통상학과,교과성적우수인재전형,3.0,3.0,3.0
국립부경대학교,국제학부,교과성적우수인재전형,4.0,4.0,4.0
국립부경대학교,금속공학과,교과성적우수인재전형,4.0,4.0,4.0
국립부경대학교,기계공학과,교과성적우수인재전형,3.0,3.0,3.0
국립부경대학교,기계설계공학과,교과성적우수인재전형,3.0,3.0,3.0
국립부경대학교,물리학과,교과성적우수인재전형,4.0,4.0,4.0
국립부경대학교,생명과학과,교과성적우수인재전형,4.0,4.0,4.0
국립부경대학교,생물학과,교과성적우수인재전형,3.0,4.0,4.0
국립부경대학교,수산학과,교과성적우수인재전형,2.0,2.0,2.0
국립부경대학교,수해양산업교육과,교과성적우수인재전형,0.0,0.0,0.0
국립순천대학교,간호학과,교과일반전형,2.16,2.73,2.73
국립순천대학교,건축학과,교과일반전형,4.13,4.43,4.43
국립순천대학교,경영학과,교과일반전형,4.73,5.33,5.33
국립순천대학교,경제학과,교과일반전형,4.73,5.33,5.33
국립순천대학교,고분자공학과,교과일반전형,3.46,4.65,4.65
국립순천대학교,교육학과,교과일반전형,3.48,3.98,3.98
국립순천대학교,국어교육과,교과일반전형,3.48,3.98,3.98
국립순천대학교,기계공학과,교과일반전형,3.17,4.35,4.35
국립순천대학교,농업교육과,교과일반전형,1.76,2.43,2.43
국립순천대학교,동물자원학과,교과일반전형,4.51,4.74,4.74
국립순천대학교,문예창작학과,교과일반전형,4.43,4.78,4.78
국립순천대학교,물리교육과,교과일반전형,3.48,3.98,3.98
국립순천대학교,사회교육과,교과일반전형,4.14,4.78,4.78
국립순천대학교,산림자원학과,교과일반전형,4.07,4.77,4.77
국립순천대학교,생명공학과,교과일반전형,5.95,6.67,6.67
국립순천대학교,생명과학과,교과일반전형,5.95,6.67,6.67
국립순천대학교,생물학과,교과일반전형,6.03,6.43,6.43
국립순천대학교,수학교육과,교과일반전형,0.0,0.0,0.0
국립안동대학교,간호학과,일반학생전형,2.63,2.78,2.78
국립안동대학교,건축공학과,일반학생전형,3.83,3.83,3.83
국립안동대학교,경영학과,일반학생전형,4.64,4.91,4.91
국립안동대학교,교양공학부,일반학생전형,3.83,3.83,3.83
국립안동대학교,교양인문학부,일반학생전형,4.79,5.1,5.1
국립안동대학교,교육공학과,일반학생전형,3.83,3.83,3.83
국립안동대학교,국어교육과,일반학생전형,3.61,3.66,3.66
국립안동대학교,기계공학과,일반학생전형,4.89,5.55,5.55
국립안동대학교,기계ㆍ재료공학교육과,일반학생전형,3.63,4.27,4.27
국립안동대학교,생명공학과,일반학생전형,5.0,5.38,5.38
국립안동대학교,생명과학과,일반학생전형,5.0,5.38,5.38
국립안동대학교,수학교육과,일반학생전형,2.66,3.09,3.09
국립한국교통대학교,간호학과,일반전형,2.31,2.58,2.58
국립한국교통대학교,건축공학과,일반전형,3.93,4.48,4.48
국립한국교통대학교,건축학과,일반전형,2.99,3.41,3.41
국립한국교통대학교,경영학과,일반전형,3.2,3.55,3.55
국립한국교통대학교,고분자공학과,일반전형,4.18,4.59,4.59
국립한국교통대학교,교육학과,일반전형,3.62,3.8,3.8
국립한국교통대학교,교통공학과,일반전형,3.93,4.48,4.48
국립한국교통대학교,국어국문학과,일반전형,4.73,5.14,5.14
국립한국교통대학교,국제통상학과,일반전형,4.41,4.56,4.56
국립한국교통대학교,기계공학과,일반전형,3.99,4.26,4.26
국립한국교통대학교,기계설계공학과,일반전형,3.99,4.26,4.26
국립한국교통대학교,물리치료학과,일반전형,2.79,3.02,3.02
국립한국교통대학교,생명공학과,일반전형,4.54,3.9,3.9
국립한국교통대학교,응급구조학과,일반전형,3.46,2.56,2.56
국립한국해양대학교,건축공학과,교과성적우수자전형,5.05,5.11,5.11
국립한국해양대학교,경영학과,교과성적우수자전형,4.55,4.7,4.7
국립한국해양대학교,경제학과,교과성적우수자전형,4.55,4.7,4.7
국립한국해양대학교,국제관계학과,교과성적우수자전형,3.96,4.21,4.21
국립한국해양대학교,국제지역학과,교과성적우수자전형,3.96,4.21,4.21
국립한국해양대학교,국제통상학과,교과성적우수자전형,3.96,4.21,4.21
국립한국해양대학교,기계공학과,교과성적우수자전형,5.05,5.11,5.11
국립한밭대학교,건축공학과,학생부교과(일반)전형,3.98,4.12,4.12
국립한밭대학교,건축학과,학생부교과(일반)전형,3.1,3.38,3.38
국립한밭대학교,경영학과,학생부교과(일반)전형,3.87,3.94,3.94
국립한밭대학교,경제학과,학생부교과(일반)전형,3.87,3.94,3.94
국립한밭대학교,기계공학과,학생부교과(일반)전형,4.44,4.77,4.77
국립한밭대학교,생명공학과,학생부교과(일반)전형,3.58,3.83,3.83
국민대학교,경영정보학과,KU지역균형전형,1.85,2.04,2.04
국민대학교,경영학과,KU지역균형전형,1.85,2.04,2.04
국민대학교,경제학과,교과성적우수자전형,2.01,2.07,2.07
국민대학교,교육학과,교과성적우수자전형,2.29,2.29,2.29
국민대학교,국어국문학과,KU지역균형전형,1.77,1.77,1.77
국민대학교,국제지역학과,KU지역균형전형,1.52,2.1,2.1
국민대학교,국제통상학과,교과성적우수자전형,2.16,2.21,2.21
국민대학교,국제학부,교과성적우수자전형,2.16,2.21,2.21
국민대학교,기계공학과,교과성적우수자전형,2.24,2.29,2.29
국민대학교,러시아학과,교과성적우수자전형,2.29,2.29,2.29
국민대학교,물리학과,KU지역균형전형,2.0,2.0,2.0
국민대학교,생명공학과,교과성적우수자전형,3.81,4.65,4.65
국민대학교,생화학과,KU지역균형전형,1.64,1.64,1.64
국제대학교,간호과,의예약학간호전형,1.9,2.0,2.0
국제대학교,건축과,학생부교과전형,4.8,5.3,5.3
국제대학교,보건행정과,학생부교과전형,3.3,3.5,3.5
국제대학교,응급구조과,학생부교과전형,3.3,3.5,3.5
극동대학교,간호학과,교과우수자전형,3.25,4.13,4.13
극동대학교,경영학과,일반학생전형,4.61,4.84,4.84
극동대학교,경찰행정학과,일반전형,5.33,5.33,5.33
극동대학교,관광경영학과,교과성적우수자전형,3.58,3.67,3.67
극동대학교,광학공학과,교과성적우수자전형,3.58,3.92,3.92
극동대학교,교육학과,교과성적우수자전형,2.75,2.75,2.75
극동대학교,군사학과,일반학생전형,4.6,4.81,4.81
극동대학교,물리학과,일반학생전형,3.46,3.57,3.57
극동대학교,방사선학과,교과우수자전형,3.38,4.0,4.0
금강대학교,경영학과,일반전형,3.8,3.97,3.97
금강대학교,교양인문학부,일반전형,3.84,4.01,4.01
김천대학교,간호학과,일반교과전형,4.14,4.38,4.38
김천대학교,경영학과,교과일반전형,4.73,5.33,5.33
김천대학교,경찰행정학과,학생부우수자전형,0.0,3.04,3.19
김천대학교,관광경영학과,학생부우수자전형,0.0,2.69,2.78
김천대학교,광학공학과,교과일반전형,5.52,6.2,6.2
김천대학교,군사학과,교과일반전형,3.6,4.69,4.69
김천대학교,물리치료학과,일반교과전형,4.0,4.25,4.25
김천대학교,방사선학과,일반교과전형,5.4,5.9,5.9
김해대학교,간호과,일반교과전형,4.14,4.38,4.38
김해대학교,물리치료과,일반교과전형,4.0,4.25,4.25
나사렛대학교,간호학과,일반학생전형,2.95,3.02,3.02
나사렛대학교,경영학과,일반학생전형,5.42,5.83,5.83
나사렛대학교,경찰행정학과,일반학생전형,5.22,5.43,5.43
나사렛대학교,기독교학과,일반학생전형,5.99,7.06,7.06
나사렛대학교,물리치료학과,일반학생전형,2.74,2.79,2.79
나사렛대학교,언어치료학과,일반학생전형,4.5,5.09,5.09
나사렛대학교,응급구조학과,일반학생전형,3.95,4.02,4.02
나주대학교,건축과,일반전형(교과),3.91,4.07,4.07
남부대학교,간호학과,일반학생전형,5.85,6.21,6.21
남부대학교,경영학과,일반학생전형,0.0,0.0,0.0
남부대학교,경찰행정학과,일반학생전형,6.26,7.84,7.84
남부대학교,기계공학과,일반학생전형,6.38,6.68,6.68
남부대학교,물리치료학과,일반학생전형,4.96,5.41,5.41
남부대학교,방사선학과,일반학생전형,6.65,7.0,7.0
남부대학교,언어치료학과,일반학생전형,4.96,5.41,5.41
남부대학교,응급구조학과,일반학생전형,6.19,6.52,6.52
남부대학교,의료정보공학과,일반전형(교과),4.9,5.2,5.2
남서울대학교,간호학과,일반전형,1.9,2.1,2.1
남서울대학교,건축공학과,일반전형,4.43,4.87,4.87
남서울대학교,건축학과,일반전형,4.43,4.87,4.87
남서울대학교,경영학과,일반전형,3.63,4.13,4.13
남서울대학교,관광경영학과,일반전형,4.5,4.8,4.8
남서울대학교,광고홍보학과,일반전형,3.67,3.3,3.3
남서울대학교,국제지역학과,일반전형,4.4,4.8,4.8
남서울대학교,농공학과,일반전형,4.43,4.87,4.87
남서울대학교,물리치료학과,일반전형,2.03,1.73,1.73
남서울대학교,보건관리학과,일반전형,3.53,3.57,3.57
남서울대학교,응급구조학과,일반전형,3.1,2.77,2.77
단국대학교,간호학과,학생부교과우수자전형,2.34,2.44,2.44
단국대학교,건축공학과,학생부교과우수자전형,3.41,3.51,3.51
단국대학교,건축학과,학생부교과우수자전형,3.17,3.33,3.33
단국대학교,경영학과,KU지역균형전형,1.85,2.04,2.04
단국대학교,경제학과,KU지역균형전형,1.82,1.87,1.87
단국대학교,과학교육과,KU지역균형전형,1.78,1.81,1.81
단국대학교,교육학과,교과성적우수자전형,2.29,2.29,2.29
단국대학교,국어국문학과,KU지역균형전형,1.77,1.77,1.77
단국대학교,국제지역학과,KU지역균형전형,1.52,2.1,2.1
단국대학교,국제통상학과,교과성적우수자전형,2.16,2.21,2.21
단국대학교,군사학과,KU지역균형전형,1.92,1.92,1.92
단국대학교,기계공학과,교과성적우수자전형,2.24,2.29,2.29
단국대학교,동물자원학과,KU지역균형전형,1.59,1.71,1.71
단국대학교,물리치료학과,학생부교과우수자전형,2.41,2.6,2.6
단국대학교,물리학과,학생부교과우수자전형,3.98,4.0,4.0
단국대학교,미생물학과,학생부교과우수자전형,3.98,4.0,4.0
단국대학교,보건관리학과,학생부교과우수자전형,3.17,3.33,3.33
단국대학교,생명공학과,KU지역균형전형,1.44,1.52,1.52
단국대학교,생명과학과,학생부교과우수자전형,2.97,3.09,3.09
단국대학교,생물학과,KU지역균형전형,1.75,1.75,1.75
단국대학교,수학교육과,KU지역균형전형,1.78,1.81,1.81
대경대학교,간호과,일반전형(교과),2.8,3.1,3.1
대경대학교,경찰행정과,일반계고교과전형,0.0,3.3,3.3
대구가톨릭대학교,간호학과,교과전형,2.05,2.2,2.2
대구가톨릭대학교,건축공학과,교과전형,5.07,5.74,5.74
대구가톨릭대학교,건축학과,교과전형,4.21,5.19,5.19
대구가톨릭대학교,게임공학과,교과전형,5.07,5.74,5.74
대구가톨릭대학교,경영학과,교과전형,4.87,5.39,5.39
대구가톨릭대학교,경찰행정학과,교과전형,3.56,4.07,4.07
대구가톨릭대학교,관광경영학과,교과전형,4.87,5.39,5.39
대구가톨릭대학교,광학공학과,교과전형,5.97,6.18,6.18
대구가톨릭대학교,교육공학과,교과전형,3.25,3.45,3.45
대구가톨릭대학교,교육학과,교과전형,3.25,3.45,3.45
대구가톨릭대학교,국어교육과,교과전형,4.67,5.1,5.1
대구가톨릭대학교,국어국문학과,교과전형,4.71,5.39,5.39
대구가톨릭대학교,군사학과,교과전형,5.25,5.78,5.78
대구가톨릭대학교,기계공학과,교과전형,4.72,5.69,5.69
대구가톨릭대학교,농공학과,교과전형,5.07,5.74,5.74
대구가톨릭대학교,러시아어문학과,교과전형,4.71,5.39,5.39
대구가톨릭대학교,문헌정보학과,교과전형,5.3,6.05,6.05
대구가톨릭대학교,물리치료학과,교과전형,2.34,2.5,2.5
대구가톨릭대학교,방사선학과,교과전형,2.54,2.72,2.72
대구가톨릭대학교,보건관리학과,교과전형,4.79,5.27,5.27
대구가톨릭대학교,생명공학과,교과전형,5.07,5.74,5.74
대구가톨릭대학교,수학교육과,교과전형,4.17,4.78,4.78
대구가톨릭대학교,약학부,교과전형,1.42,1.44,1.44
대구가톨릭대학교,언어치료학과,교과전형,5.54,6.02,6.02
대구가톨릭대학교,역사교육과,교과전형,3.92,4.25,4.25
대구가톨릭대학교,예술치료학과,교과전형,4.63,5.08,5.08
대구가톨릭대학교,의료정보공학과,교과전형,5.3,6.05,6.05
대구과학대학교,간호과,일반전형,1.94,2.09,2.09
대구과학대학교,물리치료과,일반전형,2.33,2.48,2.48
대구대학교,간호학과,일반전형,1.94,2.09,2.09
대구대학교,건축공학과,일반전형,4.45,4.67,4.67
대구대학교,게임공학과,일반전형,4.4,4.74,4.74
대구대학교,경영학과,교과중점전형,4.41,5.01,5.01
대구대학교,경제학과,일반전형,5.09,5.38,5.38
대구대학교,경찰행정학과,일반전형,4.4,5.0,5.0
대구대학교,관광경영학과,일반전형,5.18,5.54,5.54
대구대학교,교육학과,일반전형,2.8,3.2,3.2
대구대학교,국어교육과,일반전형,2.8,3.2,3.2
대구대학교,국제문화정보학과,일반전형,3.35,3.42,3.42
대구대학교,군사학과,일반전형,4.39,5.0,5.0
대구대학교,기계공학과,학생부우수자전형,3.79,3.82,3.82
대구대학교,농공학과,일반전형,4.45,4.67,4.67
대구대학교,동물자원학과,일반전형,5.03,5.75,5.75
대구대학교,문헌정보학과,일반전형,3.35,3.42,3.42
대구대학교,물리교육과,일반전형,3.49,3.74,3.74
대구대학교,물리치료학과,일반전형,2.33,2.48,2.48
대구대학교,보건관리학과,일반전형,2.82,3.0,3.0
대구대학교,산림자원학과,일반전형,5.03,5.75,5.75
대구대학교,생명공학과,일반전형,4.45,4.67,4.67
대구대학교,생물교육과,일반전형,2.91,3.0,3.0
대구대학교,생물학과,일반전형,2.91,3.0,3.0
대구대학교,수학교육과,일반전형,2.44,2.67,2.67
대구대학교,언어치료학과,일반전형,3.19,3.46,3.46
대구대학교,역사교육과,일반전형,1.86,2.1,2.1
대구대학교,응급구조학과,일반전형,3.14,3.3,3.3
대구보건대학교,간호과,일반전형,1.94,2.09,2.09
대구보건대학교,물리치료과,일반전형,2.33,2.48,2.48
대구보건대학교,응급구조과,일반전형,3.14,3.3,3.3
대구한의대학교,간호학과,일반전형,2.47,2.79,2.79
대구한의대학교,건축학과,일반전형,4.45,4.67,4.67
대구한의대학교,경영학과,일반전형,4.4,5.0,5.0
대구한의대학교,경찰행정학과,일반전형,4.4,5.0,5.0
대구한의대학교,물리치료학과,일반전형,2.2,2.4,2.4
대구한의대학교,생명공학과,일반전형,5.4,5.8,5.8
대구한의대학교,예술치료학과,일반전형,4.9,6.2,6.2
대구한의대학교,의료정보공학과,일반전형,4.07,5.07,5.07
대동대학교,간호과,일반학생전형,3.46,3.65,3.65
대동대학교,응급구조과,일반학생전형,4.31,4.57,4.57
대림대학교,문헌정보과,일반전형,3.35,3.42,3.42
대원대학교,간호과,일반전형,2.95,3.06,3.06
대원대학교,건축과,인문계고전형,5.5,6.2,6.2
대원대학교,경찰행정과,일반전형,5.8,6.5,6.5
대원대학교,국방기술과,일반전형,4.38,4.6,4.6
대원대학교,문헌정보과,일반전형,3.35,3.42,3.42
대원대학교,물리치료과,일반전형,2.33,2.48,2.48
대원대학교,보건행정과,일반전형Ⅰ,1.45,2.4,2.4
대원대학교,응급구조과,일반전형,3.14,3.3,3.3
대전대학교,간호학과,교과중점전형,2.38,2.5,2.5
대전대학교,건축공학과,교과중점전형,5.25,5.38,5.38
대전대학교,건축학과,교과중점전형,5.25,5.38,5.38
대전대학교,경영학과,교과중점전형,4.41,5.01,5.01
대전대학교,경제학과,교과중점전형,4.41,5.01,5.01
대전대학교,경찰행정학과,교과중점전형,3.88,4.23,4.23
대전대학교,국제통상학과,학생부우수자전형,3.6,3.8,3.8
대전대학교,군사학과,군사학과전형,4.25,4.5,4.5
대전대학교,문예창작학과,학생부우수자전형,3.07,3.25,3.25
대전대학교,물리치료학과,교과중점전형,2.64,2.7,2.7
대전대학교,보건관리학과,일반학생전형(교과),5.31,5.87,5.87
대전대학교,생명과학과,일반학생전형,3.68,3.68,3.68
대전대학교,생화학과,일반전형,3.13,3.21,3.21
대전대학교,응급구조학과,교과중점전형,3.63,3.75,3.75
대전보건대학교,간호과,교과중점전형,2.38,2.5,2.5
대전보건대학교,물리치료과,교과중점전형,2.64,2.7,2.7
대전보건대학교,응급구조과,교과중점전형,3.63,3.75,3.75
대진대학교,간호학과,학생부우수자전형,2.26,2.62,2.62
대진대학교,건축공학과,일반전형,4.45,4.67,4.67
대진대학교,경영학과,학생부우수자전형,3.4,3.53,3.53
대진대학교,경제학과,학생부우수자전형,3.4,3.53,3.53
대진대학교,교양공학부,학생부우수자전형,3.84,4.14,4.14
대진대학교,국어국문학과,학생부우수자전형,3.75,3.76,3.76
대진대학교,국제지역학과,학생부우수자전형,3.4,3.95,3.95
대진대학교,국제통상학과,학생부우수자전형,3.6,3.8,3.8
대진대학교,기계공학과,학생부우수자전형,3.79,3.82,3.82
대진대학교,문예창작학과,학생부우수자전형,3.07,3.25,3.25
대진대학교,문헌정보학과,학생부우수자전형,3.39,3.42,3.42
대진대학교,생명공학과,학생부우수자전형,3.21,3.83,3.83
대진대학교,의료정보공학과,일반전형,4.07,5.07,5.07
동강대학교,간호과,일반학생전형,3.79,3.1,3.1
동강대학교,건축과,일반계교과전형,4.6,4.6,4.6
동강대학교,경찰행정과,일반전형,5.33,5.33,5.33
동강대학교,물리치료과,일반학생전형,3.46,3.57,3.57
동강대학교,방사선과,교과우수자전형,3.38,4.0,4.0
동강대학교,보건행정과,일반계교과전형,3.5,4.0,4.0
동강대학교,응급구조과,일반학생전형,4.31,4.57,4.57
동국대학교,가정교육과,교과전형,2.1,2.1,2.1
동국대학교,건축공학과,일반학생전형,4.86,5.08,5.08
동국대학교,건축학과,일반계교과전형,4.6,4.6,4.6
동국대학교,경영정보학과,교과성적우수자전형,3.75,3.83,3.83
동국대학교,경영학과,교과전형,4.5,4.6,4.6
동국대학교,경제학과,KU지역균형전형,1.82,1.87,1.87
동국대학교,경찰행정학과,일반전형,5.33,5.33,5.33
동국대학교,광고홍보학과,일반고교과전형,4.75,5.13,5.13
동국대학교,교육학과,교과성적우수자전형,2.29,2.29,2.29
동국대학교,국어교육과,일반학생전형,3.61,3.66,3.66
동국대학교,국어국문학과,KU지역균형전형,1.77,1.77,1.77
동국대학교,국제통상학과,교과성적우수자전형,2.16,2.21,2.21
동국대학교,기계공학과,교과성적우수자전형,4.08,4.25,4.25
동국대학교,문예창작학과,교과전형,3.8,4.0,4.0
동국대학교,물리학과,KU지역균형전형,2.0,2.0,2.0
동국대학교,생명공학과,일반고교과전형,4.83,5.08,5.08
동국대학교,수학교육과,교과전형,2.9,3.4,3.4
동국대학교,역사교육과,교과전형,2.1,2.1,2.1
동국대학교 WISE캠퍼스,가정교육과,교과전형,2.1,2.1,2.1
동국대학교 WISE캠퍼스,간호학과,교과전형,1.7,1.8,1.8
동국대학교 WISE캠퍼스,경영학과,교과전형,4.5,4.6,4.6
동국대학교 WISE캠퍼스,경제학과,교과전형,4.5,4.6,4.6
동국대학교 WISE캠퍼스,경찰행정학과,교과전형,4.5,4.6,4.6
동국대학교 WISE캠퍼스,고고학과,교과전형,3.3,3.7,3.7
동국대학교 WISE캠퍼스,국어국문학과,교과전형,4.8,5.0,5.0
동국대학교 WISE캠퍼스,국제통상학과,교과전형,3.3,4.0,4.0
동국대학교 WISE캠퍼스,기계공학과,교과전형,4.1,4.9,4.9
동국대학교 WISE캠퍼스,물리교육과,교과전형,2.1,2.1,2.1
동국대학교 WISE캠퍼스,수학교육과,교과전형,2.9,3.4,3.4
동명대학교,간호학과,일반고교과전형,2.25,2.38,2.38
동명대학교,건축공학과,일반고교과전형,5.5,6.25,6.25
동명대학교,건축학과,일반고교과전형,5.5,6.25,6.25
동명대학교,게임공학과,일반고교과전형,3.88,4.63,4.63
동명대학교,경영정보학과,일반전형(교과),5.29,5.57,5.57
동명대학교,경영학과,일반고교과전형,4.0,5.38,5.38
동명대학교,관광경영학과,일반전형(교과),4.97,5.06,5.06
동명대학교,광고홍보학과,일반고교과전형,4.75,5.13,5.13
동명대학교,교양사회과학부,일반학생전형,4.48,4.89,4.89
동명대학교,국어교육과,일반전형(교과),3.63,3.63,3.63
동명대학교,국어국문학과,일반전형(교과),4.43,4.43,4.43
동명대학교,국제통상학과,일반고교과전형,4.63,4.88,4.88
동명대학교,군사학과,일반학생전형,4.6,4.81,4.81
동명대학교,기계공학과,일반전형(교과),5.35,5.74,5.74
동명대학교,언어치료학과,일반전형,4.48,5.47,5.47
동명대학교,응급구조학과,일반고교과전형,4.25,4.5,4.5
동서대학교,간호학과,일반계교과전형,2.0,2.1,2.1
동서대학교,건축공학과,일반계교과전형,4.6,4.6,4.6
동서대학교,건축학과,일반계교과전형,4.6,4.6,4.6
동서대학교,게임공학과,일반계교과전형,2.9,3.0,3.0
동서대학교,경영정보학과,교과성적우수자전형,3.75,3.83,3.83
동서대학교,경영학과,일반학생전형,4.61,4.84,4.84
동서대학교,경찰행정학과,일반계교과전형,3.6,4.2,4.2
동서대학교,관광경영학과,일반계교과전형,4.8,4.9,4.9
동서대학교,광고홍보학과,일반계교과전형,3.4,3.8,3.8
동서대학교,국어국문학과,일반고교과전형,4.83,5.41,5.41
동서대학교,국제통상학과,일반고교과전형,4.63,4.88,4.88
동서대학교,국제학부,일반학생전형,5.18,5.18,5.18
동서대학교,기계공학과,교과성적우수자전형,4.08,4.25,4.25
동서대학교,방사선학과,일반계교과전형,2.5,2.7,2.7
동서대학교,보건관리학과,교과성적우수자전형,4.08,4.25,4.25
동서대학교,생명공학과,학생부전형,4.81,5.05,5.05
동서울대학교,건축과,일반계교과전형,4.6,4.6,4.6
동서울대학교,보건행정과,일반계교과전형,3.5,4.0,4.0
동신대학교,간호학과,일반전형,4.91,5.09,5.09
동신대학교,건축공학과,일반전형,6.48,6.48,6.48
동신대학교,건축학과,일반전형,6.48,6.48,6.48
동신대학교,경영학과,일반전형,6.4,6.4,6.4
동신대학교,경찰행정학과,일반전형,5.33,5.33,5.33
동신대학교,관광경영학과,일반전형,6.93,6.98,6.98
동신대학교,광학공학과,교과성적우수자전형,3.58,3.92,3.92
동신대학교,국제학부,일반학생전형,5.18,5.18,5.18
동신대학교,군사학과,일반전형,7.01,7.25,7.25
동신대학교,금속공학과,일반전형,6.19,6.74,6.74
동신대학교,기계공학과,일반전형,6.19,6.74,6.74
동신대학교,동물자원학과,일반전형,6.07,6.33,6.33
동신대학교,물리치료학과,일반전형,5.58,5.82,5.82
동신대학교,방사선학과,일반전형,5.52,5.9,5.9
동신대학교,언어치료학과,일반전형,4.48,5.47,5.47
동신대학교,응급구조학과,일반전형,6.48,7.11,7.11
동아대학교,간호학과,교과성적우수자전형,2.17,2.25,2.25
동아대학교,건축공학과,교과성적우수자전형,3.5,3.67,3.67
동아대학교,건축학과,교과성적우수자전형,3.0,3.17,3.17
동아대학교,경영정보학과,교과성적우수자전형,3.75,3.83,3.83
동아대학교,경영학과,교과성적우수자전형,3.33,3.42,3.42
동아대학교,경제학과,교과성적우수자전형,3.67,3.83,3.83
동아대학교,경찰행정학과,일반전형,5.33,5.33,5.33
동아대학교,고분자공학과,교과성적우수자전형,4.5,4.67,4.67
동아대학교,관광경영학과,교과성적우수자전형,3.58,3.67,3.67
동아대학교,교육학과,교과성적우수자전형,2.75,2.75,2.75
동아대학교,국어국문학과,교과성적우수자전형,3.33,4.0,4.0
동아대학교,국제지역학과,교과성적우수자전형,3.42,3.58,3.58
동아대학교,국제학부,일반학생전형,5.18,5.18,5.18
동아대학교,기계공학과,교과성적우수자전형,4.08,4.25,4.25
동아대학교,독어독문학과,교과성적우수자전형,3.33,4.0,4.0
동아대학교,물리학과,일반학생전형,3.46,3.57,3.57
동아대학교,생명공학과,교과성적우수자전형,3.92,4.0,4.0
동아대학교,생명과학과,교과성적우수자전형,3.92,4.0,4.0
동아대학교,생물학과,교과성적우수자전형,4.75,5.08,5.08
동아보건대학교,간호과,교과성적우수자전형,2.17,2.25,2.25
동아보건대학교,건축과,교과성적우수자전형,3.0,3.17,3.17
동양대학교,간호학과,일반전형,3.1,3.3,3.3
동양대학교,건축공학과,일반학생전형,4.86,5.08,5.08
동양대학교,건축학과,일반계교과전형,4.6,4.6,4.6
동양대학교,경영학과,일반학생전형,4.61,4.84,4.84
동양대학교,경찰행정학과,일반전형,5.33,5.33,5.33
동양대학교,교통공학과,일반학생전형,3.83,3.83,3.83
동양대학교,군사학과,일반학생전형,4.6,4.81,4.81
동양대학교,기계공학과,교과성적우수자전형,4.08,4.25,4.25
동원대학교,건축과,일반계교과전형,4.6,4.6,4.6
동원대학교,게임콘텐츠과,교과전형,1.79,1.88,1.88
동원대학교,경영정보과,교과성적우수자전형,3.75,3.83,3.83
동원대학교,경찰행정과,일반전형,5.33,5.33,5.33
동원대학교,관광경영과,일반전형,3.8,3.97,3.97
동원대학교,문헌정보과,일반고교과전형,3.41,3.83,3.83
동원대학교,반려동물과,일반전형,6.07,6.33,6.33
동원대학교,보건행정과,일반계교과전형,3.5,4.0,4.0
동의과학대학교,간호과,일반고교과전형,2.25,2.33,2.33
동의과학대학교,경찰행정과,일반고교과전형,3.08,3.25,3.25
동의과학대학교,물리치료과,일반고교과전형,2.41,2.5,2.5
동의과학대학교,방사선과,일반고교과전형,2.58,2.75,2.75
동의대학교,간호학과,일반고교과전형,2.25,2.33,2.33
동의대학교,건축공학과,일반고교과전형,4.58,4.91,4.91
동의대학교,건축학과,일반고교과전형,4.58,4.91,4.91
동의대학교,게임공학과,일반고교과전형,4.25,4.58,4.58
동의대학교,경영정보학과,일반고교과전형,4.41,4.75,4.75
동의대학교,경영학과,일반고교과전형,4.0,4.58,4.58
동의대학교,경제학과,교과성적우수자전형,3.67,3.83,3.83
동의대학교,경찰행정학과,일반고교과전형,3.08,3.25,3.25
동의대학교,고분자공학과,일반고교과전형,5.0,5.0,5.0
동의대학교,관광경영학과,일반고교과전형,5.0,5.41,5.41
동의대학교,광고홍보학과,일반고교과전형,3.83,4.08,4.08
동의대학교,교양사회과학부,일반학생전형,4.48,4.89,4.89
동의대학교,교육학과,교과성적우수자전형,2.75,2.75,2.75
동의대학교,국어국문학과,일반고교과전형,4.83,5.41,5.41
동의대학교,금속공학과,일반고교과전형,4.58,4.91,4.91
동의대학교,기계공학과,일반고교과전형,4.91,5.25,5.25
동의대학교,문헌정보학과,일반고교과전형,3.41,3.83,3.83
동의대학교,물리치료학과,일반고교과전형,2.41,2.5,2.5
동의대학교,방사선학과,일반고교과전형,2.58,2.75,2.75
동의대학교,생명공학과,일반고교과전형,4.83,5.08,5.08
동의대학교,생명과학과,일반고교과전형,4.83,5.08,5.08
동의대학교,생화학과,일반고교과전형,4.25,5.0,5.0
루터대학교,언어치료학과,일반전형,3.83,6.0,6.0
마산대학교,간호과,학생부교과전형,2.07,2.12,2.12
마산대학교,물리치료과,교과전형,1.44,1.66,1.66
목원대학교,건축공학과,일반전형,4.74,4.9,4.9
목원대학교,건축학과,인문계고전형,5.5,6.2,6.2
목원대학교,게임공학과,교과전형,3.61,4.38,4.38
목원대학교,경영학과,교과전형,4.21,4.63,4.63
목원대학교,경제학과,교과전형,4.13,4.38,4.38
목원대학교,경찰행정학과,교과전형,3.92,4.25,4.25
목원대학교,관광경영학과,일반전형,3.8,3.97,3.97
목원대학교,광고홍보학과,인문계고전형,4.5,5.5,5.5
목원대학교,교양인문학부,일반전형,3.84,4.01,4.01
목원대학교,교육학과,일반전형,2.87,2.89,2.89
목원대학교,국어교육과,교과전형,2.85,3.0,3.0
목원대학교,국어국문학과,일반전형,4.4,4.54,4.54
목원대학교,국제학부,교과전형,0.0,0.0,0.0
목원대학교,미생물학과,교과전형,4.47,4.63,4.63
목원대학교,미술교육과,교과전형,2.11,2.38,2.38
목원대학교,보건관리학과,교과전형,4.02,4.88,4.88
목원대학교,생명과학과,교과전형,4.47,4.63,4.63
목원대학교,수학교육과,교과전형,2.7,3.25,3.25
목원대학교,응급구조학과,교과전형,3.33,3.63,3.63
목포가톨릭대학교,간호학과,일반학생전형,4.11,4.42,4.42
목포과학대학교,간호과,교과일반전형,0.0,2.79,2.79
문경대학교,간호과,일반전형(교과),2.8,3.1,3.1
배재대학교,가정교육과,교과Ⅰ전형,2.5,2.6,2.6
배재대학교,간호학과,교과Ⅰ전형,2.3,2.5,2.5
배재대학교,건축학과,교과Ⅰ전형,4.8,5.0,5.0
배재대학교,게임공학과,교과Ⅰ전형,4.5,4.9,4.9
배재대학교,경영정보학과,교과Ⅰ전형,5.6,6.3,6.3
배재대학교,경영학과,교과Ⅰ전형,5.8,6.4,6.4
배재대학교,경찰행정학과,교과Ⅰ전형,5.1,5.5,5.5
배재대학교,고분자공학과,교과Ⅰ전형,5.2,6.0,6.0
배재대학교,관광경영학과,교과Ⅰ전형,5.5,6.4,6.4
배재대학교,교통공학과,교과Ⅰ전형,4.5,4.9,4.9
배재대학교,국어국문학과,교과Ⅰ전형,4.9,5.6,5.6
배재대학교,생명공학과,교과Ⅰ전형,4.5,4.9,4.9
배재대학교,생명과학과,교과Ⅰ전형,4.5,4.9,4.9
배재대학교,생물학과,교과Ⅰ전형,4.5,4.9,4.9
배재대학교,생화학과,교과Ⅰ전형,4.5,4.9,4.9
백석대학교,간호학과,일반전형,2.2,2.42,2.42
백석대학교,경찰행정학과,일반학생(교과중심)전형,4.75,5.2,5.2
백석대학교,관광경영학과,일반전형,4.95,5.41,5.41
백석대학교,광학공학과,일반전형,4.69,5.11,5.11
백석대학교,교양경상학부,일반전형,4.8,5.14,5.14
백석대학교,기독교학과,일반전형,5.84,6.35,6.35
백석대학교,물리치료학과,일반전형,2.18,2.38,2.38
백석대학교,응급구조학과,일반전형,3.41,3.53,3.53
백석문화대학교,간호과,일반전형,2.2,2.42,2.42
부산가톨릭대학교,간호학과,교과성적우수자전형,2.1,2.4,2.4
부산가톨릭대학교,경영정보학과,교과성적우수자전형,4.2,4.4,4.4
부산가톨릭대학교,경영학과,교과성적우수자전형,4.2,4.4,4.4
부산가톨릭대학교,물리치료학과,교과성적우수자전형,2.2,2.4,2.4
부산가톨릭대학교,방사선학과,교과성적우수자전형,2.7,2.8,2.8
부산가톨릭대학교,보건관리학과,교과성적우수자전형,4.2,4.5,4.5
부산가톨릭대학교,언어치료학과,교과성적우수자전형,4.1,5.5,5.5
부산교육대학교,과학교육과,학생부교과전형,2.69,2.69,2.69
부산교육대학교,교육학과,학생부교과전형,0.0,0.0,0.0
부산교육대학교,국어교육과,학생부교과전형,2.37,2.78,2.78
부산교육대학교,사회교육과,학생부교과전형,3.18,3.45,3.45
부산교육대학교,수학교육과,학생부교과전형,1.98,1.98,1.98
부산대학교,간호학과,학생부교과전형,2.07,2.12,2.12
부산대학교,건축공학과,학생부교과전형,2.51,2.57,2.57
부산대학교,건축학과,학생부교과전형,2.76,3.02,3.02
부산대학교,경영학과,학생부교과전형,2.46,2.68,2.68
부산대학교,경제학과,교과성적우수인재전형,4.0,4.0,4.0
부산대학교,고고학과,학생부교과전형,2.93,2.95,2.95
부산대학교,고분자공학과,학생부교과전형,2.42,2.66,2.66
부산대학교,관광경영학과,학생부교과전형,2.46,2.68,2.68
부산대학교,광학공학과,일반전형,5.63,5.93,5.93
부산대학교,교양공학부,학생부교과전형,2.6,3.11,3.11
부산대학교,교육학과,학생부교과전형,0.0,0.0,0.0
부산대학교,국어교육과,학생부교과전형,2.37,2.78,2.78
부산대학교,국어국문학과,학생부교과전형,2.71,2.78,2.78
부산대학교,국제학부,학생부교과전형,3.26,3.26,3.26
부산대학교,기계공학과,학생부교과전형,2.6,3.11,3.11
부산대학교,대기과학과,학생부교과전형,3.09,3.39,3.39
부산대학교,독어독문학과,학생부교과전형,3.09,3.32,3.32
부산대학교,독일어교육과,학생부교과전형,2.37,2.78,2.78
부산대학교,동물자원학과,학생부교과전형,4.43,4.52,4.52
부산대학교,러시아어문학과,학생부교과전형,2.71,2.78,2.78
부산대학교,문헌정보학과,학생부교과전형,3.29,3.6,3.6
부산대학교,물리교육과,학생부교과전형,2.34,2.49,2.49
부산대학교,물리학과,학생부교과전형,3.16,3.56,3.56
부산대학교,불어교육과,학생부교과전형,2.37,2.78,2.78
부산대학교,생명공학과,학생부교과전형,2.06,2.14,2.14
부산대학교,생명과학과,학생부교과전형,2.06,2.14,2.14
부산대학교,생물교육과,학생부교과전형,2.34,2.49,2.49
부산대학교,생물학과,학생부교과전형,2.74,2.87,2.87
부산대학교,수학교육과,학생부교과전형,1.98,1.98,1.98
부산대학교,역사교육과,학생부교과전형,1.91,2.41,2.41
부산보건대학교,간호과,학생부교과전형,2.07,2.12,2.12
부산여자대학교,간호과,학생부교과전형,2.07,2.12,2.12
부산여자대학교,문헌정보과,학생부교과전형,3.29,3.6,3.6
부천대학교,간호과,학생부우수자전형,0.0,1.9,2.0
부천대학교,건축과,학생부교과전형,2.76,3.02,3.02
부천대학교,보건행정과,학생부우수자전형,3.9,3.9,3.9
부천대학교,응급구조과,일반학생전형,6.19,6.52,6.52
상명대학교,간호학과,학생부교과전형,2.86,2.97,2.97
상명대학교,게임공학과,일반고교과전형,3.88,4.63,4.63
상명대학교,경영학과,일반전형(교과),4.24,4.54,4.54
상명대학교,경제학과,학생부교과전형,4.63,4.83,4.83
상명대학교,교육학과,일반전형(교과),4.21,4.34,4.34
상명대학교,국어교육과,일반전형(교과),3.63,3.63,3.63
상명대학교,국어국문학과,일반전형(교과),4.43,4.43,4.43
상명대학교,군사학과,교과강원인재전형,5.42,5.42,5.42
상명대학교,문헌정보학과,일반전형(교과),4.14,4.56,4.56
상명대학교,생명공학과,일반전형(교과),5.25,5.55,5.55
상명대학교,생명과학과,일반전형(교과),5.25,5.55,5.55
상지대학교,간호학과,교과강원인재전형,3.44,3.5,3.5
상지대학교,경영정보학과,교과강원인재전형,5.47,5.47,5.47
상지대학교,경영학과,교과강원인재전형,5.47,5.47,5.47
상지대학교,경제학과,교과강원인재전형,5.47,5.47,5.47
상지대학교,관광경영학과,교과강원인재전형,5.47,5.47,5.47
상지대학교,교육학과,교과강원인재전형,5.0,5.0,5.0
상지대학교,국제관계학과,교과일반전형,5.86,6.39,6.39
상지대학교,국제지역학과,교과일반전형,5.86,6.39,6.39
상지대학교,군사학과,교과강원인재전형,5.42,5.42,5.42
상지대학교,농공학과,교과강원인재전형,6.03,6.03,6.03
상지대학교,동물자원학과,교과강원인재전형,0.0,0.0,0.0
상지대학교,물리치료학과,교과강원인재전형,2.82,2.82,2.82
상지대학교,물리학과,교과강원인재전형,2.82,2.82,2.82
상지대학교,산림자원학과,교과강원인재전형,0.0,0.0,0.0
상지대학교,생명공학과,교과강원인재전형,6.03,6.03,6.03
상지대학교,생명과학과,교과강원인재전형,4.67,4.67,4.67
상지대학교,언어치료학과,교과강원인재전형,2.82,2.82,2.82
서강대학교,게임공학과,일반계교과전형,2.9,3.0,3.0
서강대학교,경영학과,일반전형,3.8,3.97,3.97
서강대학교,교양인문학부,일반전형,3.84,4.01,4.01
서강대학교,국제지역학과,일반전형,3.84,4.1,4.1
서강대학교,기계공학과,학생부전형,5.5,5.59,5.59
서강대학교,물리학과,학생부교과1전형,2.8,3.1,3.1
서강대학교,생명과학과,일반전형,3.34,3.4,3.4
서경대학교,경영학과,일반학생전형,4.61,4.84,4.84
서경대학교,경찰행정학과,일반계고교과전형,0.0,3.3,3.3
서경대학교,광고홍보학과,일반계고교과전형,0.0,3.3,3.3
서경대학교,군사학과,일반학생전형,4.6,4.81,4.81
서경대학교,생명공학과,학생부전형,4.81,5.05,5.05
서영대학교,간호과,일반학생전형,3.79,3.1,3.1
서영대학교,건축과,일반계교과전형,4.6,4.6,4.6
서영대학교,경찰행정과,일반학생전형,3.33,3.54,3.54
서영대학교,물리치료과,교과전형,1.44,1.66,1.66
서영대학교,보건행정과,일반계교과전형,3.5,4.0,4.0
서영대학교,응급구조과,인문계고전형,4.1,4.2,4.2
서울대학교,간호학과,일반전형,1.9,2.1,2.1
서울대학교,건축공학과,일반전형,4.43,4.87,4.87
서울대학교,건축학과,일반계교과전형,4.6,4.6,4.6
서울대학교,경영학과,일반전형,3.63,4.13,4.13
서울대학교,경제학과,교과우수자전형,2.22,2.25,2.25
서울대학교,고고학과,일반전형,3.67,3.3,3.3
서울대학교,교육학과,일반전형,3.0,4.0,4.0
서울대학교,국어교육과,일반전형,2.5,3.0,3.0
서울대학교,국어국문학과,교과우수자전형,2.17,2.36,2.36
서울대학교,기계공학과,학생부전형,5.5,5.59,5.59
서울대학교,독어독문학과,일반전형,3.7,3.7,3.7
서울대학교,러시아어문학과,일반전형,3.7,3.7,3.7
서울대학교,물리교육과,일반전형,2.6,3.1,3.1
서울대학교,물리학과,일반전형,2.03,1.73,1.73
서울대학교,불어교육과,일반전형,2.5,3.0,3.0
서울대학교,사회교육과,일반전형,2.6,3.1,3.1
서울대학교,생명공학과,학생부전형,4.81,5.05,5.05
서울대학교,생명과학과,학생부교과전형,4.66,4.9,4.9
서울대학교,생물교육과,일반전형,2.6,3.1,3.1
서울대학교,생물학과,일반전형,2.83,2.93,2.93
서울대학교,수학교육과,일반전형,2.7,3.2,3.2
서울대학교,역사교육과,일반전형,2.4,2.8,2.8
서울신학대학교,경영학과,교과성적전형,3.17,3.42,3.42
서울신학대학교,관광경영학과,교과성적전형,3.17,3.42,3.42
서울여자대학교,경영학과,교과우수자전형,2.83,3.0,3.0
서울여자대학교,경제학과,교과우수자전형,2.22,2.25,2.25
서울여자대학교,국어국문학과,교과우수자전형,2.17,2.36,2.36
서울여자대학교,문헌정보학과,교과우수자전형,2.13,3.93,3.93
서울여자대학교,생명공학과,교과우수자전형,2.05,2.05,2.05
서원대학교,건축학과,인문계고전형,5.5,6.2,6.2
서원대학교,경영학과,교과전형,4.21,4.63,4.63
서원대학교,경찰행정학과,인문계고전형,3.7,4.1,4.1
서원대학교,관광경영학과,일반전형,3.8,3.97,3.97
서원대학교,광고홍보학과,인문계고전형,4.5,5.5,5.5
서원대학교,교양사회과학부,인문계고전형,4.7,5.9,5.9
서원대학교,교양인문학부,일반전형,3.84,4.01,4.01
서원대학교,교육학과,일반전형,3.0,4.0,4.0
서원대학교,국어교육과,일반전형,2.5,3.0,3.0
서원대학교,국어국문학과,일반전형,4.4,4.54,4.54
서원대학교,사회교육과,일반전형,2.6,3.1,3.1
서원대학교,생물교육과,일반전형,2.6,3.1,3.1
서원대학교,수학교육과,일반전형,2.7,3.2,3.2
서원대학교,역사교육과,일반전형,2.4,2.8,2.8
서원대학교,응급구조학과,인문계고전형,4.1,4.2,4.2
서일대학교,간호과,일반학생전형,3.79,3.1,3.1
서일대학교,건축과,일반계교과전형,4.6,4.6,4.6
서정대학교,간호과,일반학생전형,3.79,3.1,3.1
서정대학교,응급구조과,인문계고전형,4.1,4.2,4.2
선린대학교,간호과,일반전형,2.56,2.84,2.84
선린대학교,경찰행정과,일반전형,3.81,3.03,3.03
선린대학교,물리치료과,일반전형,2.14,2.42,2.42
선린대학교,응급구조과,일반전형,3.5,3.5,3.5
선문대학교,간호학과,일반전형,2.56,2.84,2.84
선문대학교,건축학과,일반전형,4.53,4.75,4.75
선문대학교,경제학과,일반전형,5.44,5.88,5.88
선문대학교,경찰행정학과,일반전형,3.81,3.03,3.03
선문대학교,기계공학과,일반전형,5.87,6.09,6.09
선문대학교,물리치료학과,일반전형,2.14,2.42,2.42
선문대학교,생명과학과,일반전형,5.13,5.44,5.44
선문대학교,응급구조학과,일반전형,3.5,3.5,3.5
성결대학교,경영학과,교과성적우수자전형,0.0,3.4,3.4
성결대학교,관광경영학과,교과성적우수자전형,0.0,3.4,3.4
성결대학교,교육학과,교과성적우수자전형,0.0,3.6,3.6
성결대학교,국어국문학과,교과성적우수자전형,0.0,4.0,4.0
성결대학교,기독교학과,교과성적우수자전형,0.0,6.0,6.0
성공회대학교,경영학과,교과성적전형,2.89,3.0,3.0
성공회대학교,교양사회과학부,교과성적전형,2.67,3.0,3.0
세경대학교,간호과,일반전형(교과),2.8,3.1,3.1
세경대학교,경찰행정과,일반계고교과전형,0.0,3.3,3.3
세경대학교,응급구조과,일반학생전형,4.31,4.57,4.57
세명대학교,간호학과,일반전형,0.0,3.27,3.27
세명대학교,건축공학과,일반전형,0.0,5.8,5.8
세명대학교,건축학과,일반전형,0.0,5.8,5.8
세명대학교,경영학과,일반전형,0.0,6.0,6.0
세명대학교,경찰행정학과,일반전형(교과),3.08,3.28,3.28
세명대학교,관광경영학과,일반전형(교과),4.97,5.06,5.06
세명대학교,광고홍보학과,일반전형,0.0,5.3,5.3
세명대학교,동물자원학과,일반전형,0.0,5.2,5.2
세명대학교,보건관리학과,일반전형,0.0,5.2,5.2
세명대학교,생화학과,일반전형(교과),0.0,0.0,0.0
세종대학교,건축공학과,일반전형,0.0,5.8,5.8
세종대학교,건축학과,일반전형,0.0,5.8,5.8
세종대학교,경영학과,일반전형,0.0,6.0,6.0
세종대학교,관광경영학과,일반전형,0.0,6.0,6.0
세종대학교,물리학과,일반학생전형,4.9,5.1,5.1
세한대학교,간호학과,일반학생전형,4.4,4.8,4.8
세한대학교,경영정보학과,일반전형,5.88,6.62,6.62
세한대학교,경영학과,일반전형,0.0,6.0,6.0
세한대학교,경찰행정학과,일반학생전형,4.7,5.0,5.0
세한대학교,교양인문학부,교과우수자전형,4.03,4.17,4.17
세한대학교,교육학과,일반전형,4.51,4.6,4.6
세한대학교,기술교육과,일반학생전형,3.4,3.6,3.6
세한대학교,물리치료학과,일반학생전형,4.9,5.1,5.1
세한대학교,수학교육과,일반학생전형,5.4,5.6,5.6
세한대학교,언어치료학과,일반학생전형,4.9,5.1,5.1
송곡대학교,간호과,일반고전형,5.3,5.5,5.5
송원대학교,간호학과,일반고전형,5.3,5.5,5.5
송원대학교,건축공학과,일반전형,4.74,4.9,4.9
송원대학교,경영학과,교과전형,4.21,4.63,4.63
송원대학교,경찰행정학과,일반전형,5.8,6.5,6.5
송원대학교,관광경영학과,일반전형,3.8,3.97,3.97
송원대학교,국어교육과,일반전형,0.0,0.0,0.0
송원대학교,기계공학과,일반전형,4.76,4.85,4.85
송호대학교,간호과,일반고전형,5.3,5.5,5.5
수성대학교,간호과,일반계고교과전형,0.0,2.6,2.6
수성대학교,경찰행정과,일반계고교과전형,0.0,3.3,3.3
수성대학교,물리치료과,일반계고교과전형,0.0,2.5,2.5
수원과학대학교,간호과,교과우수전형,2.88,2.88,2.88
수원대학교,간호학과,교과우수전형,2.88,2.88,2.88
수원대학교,건축학과,인문계고전형,5.5,6.2,6.2
수원대학교,경영학과,교과전형,4.21,4.63,4.63
수원대학교,경제학과,교과우수전형,3.51,3.55,3.55
수원대학교,교양인문학부,교과우수전형,3.4,3.4,3.4
수원대학교,국어국문학과,일반전형,4.4,4.54,4.54
수원대학교,국제학부,교과우수전형,3.51,3.55,3.55
수원대학교,기계공학과,일반전형,4.76,4.85,4.85
수원대학교,물리학과,일반전형,4.99,5.14,5.14
수원대학교,생명과학과,일반전형,3.34,3.4,3.4
수원여자대학교,간호과,교과우수전형,2.88,2.88,2.88
순천제일대학교,간호과,교과일반전형,2.16,2.73,2.73
순천향대학교,간호학과,교과우수자전형,2.0,2.17,2.17
순천향대학교,건축학과,교과우수자전형,3.58,3.79,3.79
순천향대학교,경영학과,교과우수자전형,3.11,3.32,3.32
순천향대학교,경제학과,교과우수자전형,4.03,4.56,4.56
순천향대학교,경찰행정학과,교과우수자전형,2.15,2.26,2.26
순천향대학교,관광경영학과,교과우수자전형,3.89,4.07,4.07
순천향대학교,국어국문학과,교과우수자전형,4.52,4.56,4.56
순천향대학교,국제지역학과,교과우수자전형,3.64,3.89,3.89
순천향대학교,국제통상학과,교과우수자전형,3.64,3.89,3.89
순천향대학교,국제학부,교과우수자전형,3.64,3.89,3.89
순천향대학교,기계공학과,교과우수자전형,4.24,4.51,4.51
순천향대학교,물리학과,교과우수자전형,2.17,2.17,2.17
순천향대학교,생명과학과,교과우수자전형,3.65,3.94,3.94
순천향대학교,의료정보공학과,교과우수자전형,3.78,4.02,4.02
숭실대학교,건축공학과,학생부우수자전형,1.96,2.04,2.04
숭실대학교,경영정보학과,학생부우수자전형,2.07,2.07,2.07
숭실대학교,경영학과,학생부우수자전형,1.9,2.22,2.22
숭실대학교,경제학과,학생부우수자전형,2.35,2.35,2.35
숭실대학교,교양공학부,학생부우수자전형,2.33,2.22,2.22
숭실대학교,교육학과,학생부우수자전형,2.45,2.45,2.45
숭실대학교,국어국문학과,학생부우수자전형,2.6,2.6,2.6
숭실대학교,국제법무학과,학생부우수자전형,2.53,2.53,2.53
숭실대학교,국제통상학과,학생부우수자전형,2.53,2.53,2.53
숭실대학교,기계공학과,학생부우수자전형,2.33,2.22,2.22
숭실대학교,독어독문학과,학생부우수자전형,2.32,2.79,2.79
숭실대학교,물리학과,학생부우수자전형,2.1,2.1,2.1
신경주대학교,간호학과,일반전형,3.0,5.0,5.0
신경주대학교,경영학과,일반전형,3.0,5.0,5.0
신경주대학교,관광경영학과,일반전형,9.0,9.0,9.0
신경주대학교,문화인류학과,일반전형,8.0,9.0,9.0
신구대학교,건축과,일반전형,6.48,6.48,6.48
신구대학교,물리치료과,일반전형,2.33,2.48,2.48
신구대학교,반려동물과,일반전형,6.07,6.33,6.33
신구대학교,방사선과,일반전형,5.52,5.9,5.9
신구대학교,보건행정과,일반전형,6.33,6.51,6.51
신라대학교,간호학과,일반고교과전형,2.3,2.6,2.6
신라대학교,건축공학과,일반고교과전형,4.8,5.0,5.0
신라대학교,건축학과,일반고교과전형,4.8,5.0,5.0
신라대학교,경영정보학과,일반고교과전형,5.4,5.9,5.9
신라대학교,경영학과,일반고교과전형,5.4,5.9,5.9
신라대학교,경제학과,일반고교과전형,5.4,5.9,5.9
신라대학교,경찰행정학과,일반고교과전형,3.8,5.8,5.8
신라대학교,관광경영학과,일반고교과전형,5.4,5.9,5.9
신라대학교,교육학과,일반고교과전형,2.9,3.2,3.2
신라대학교,국어교육과,일반고교과전형,2.6,2.9,2.9
신라대학교,기계공학과,일반고교과전형,5.8,5.9,5.9
신라대학교,기계설계공학과,일반고교과전형,5.8,5.9,5.9
신라대학교,동물자원학과,일반고교과전형,4.3,4.4,4.4
신라대학교,문예창작학과,일반고교과전형,5.0,5.4,5.4
신라대학교,문헌정보학과,일반고교과전형,3.1,4.7,4.7
신라대학교,물리치료학과,일반고교과전형,2.8,2.9,2.9
신라대학교,생명과학과,일반고교과전형,4.1,4.4,4.4
신라대학교,생물학과,일반고교과전형,4.1,4.4,4.4
신라대학교,수학교육과,일반고교과전형,2.5,2.7,2.7
신라대학교,역사교육과,일반고교과전형,3.6,3.9,3.9
신성대학교,간호과,일반계고교과전형,0.0,2.6,2.6
신성대학교,물리치료과,일반계고교과전형,0.0,2.5,2.5
신성대학교,보건행정과,일반전형,6.33,6.51,6.51
신한대학교,간호학과,일반전형,2.3,2.5,2.5
신한대학교,경영정보학과,일반전형,5.88,6.62,6.62
신한대학교,경영학과,일반전형,6.4,6.4,6.4
신한대학교,경찰행정학과,일반전형,3.1,3.2,3.2
신한대학교,관광경영학과,일반전형,3.6,3.9,3.9
신한대학교,광학공학과,일반전형,5.65,6.14,6.14
신한대학교,교양인문학부,교과우수자전형,4.03,4.17,4.17
신한대학교,기계공학과,일반전형,3.8,4.0,4.0
신한대학교,방사선학과,일반전형,2.7,2.8,2.8
아신대학교,기독교학과,일반전형,6.0,7.0,7.0
아주대학교,간호학과,일반전형(교과),3.12,3.22,3.22
아주대학교,건축학과,일반전형(교과),3.91,4.07,4.07
아주대학교,경영학과,일반전형(교과),3.69,4.01,4.01
아주대학교,경제학과,교과성적우수자전형,3.67,3.83,3.83
아주대학교,교통공학과,일반전형(교과),5.27,5.46,5.46
아주대학교,국방기술학과,일반학생전형,6.46,6.97,6.97
아주대학교,국어국문학과,일반학생전형(교과),4.6,4.79,4.79
아주대학교,국제학부,일반전형(교과),5.61,6.55,6.55
아주대학교,기계공학과,교과성적우수자전형,4.08,4.25,4.25
아주대학교,물리학과,일반학생전형(교과),5.83,7.15,7.15
아주대학교,생명공학과,교과성적우수자전형,3.92,4.0,4.0
아주대학교,생명과학과,일반전형(교과),3.7,4.31,4.31
안산대학교,간호과,학생부교과전형,2.07,2.12,2.12
안산대학교,경영정보과,학생부교과전형,4.8,4.9,4.9
안산대학교,경찰행정과,교과전형,4.95,5.86,5.86
안산대학교,관광경영과,아리학생부교과전형,2.46,2.8,2.8
안산대학교,물리치료과,교과전형,1.44,1.66,1.66
안산대학교,응급구조과,일반학생전형,5.34,6.19,6.19
안양대학교,게임공학과,아리학생부교과전형,4.83,5.58,5.58
안양대학교,경영학과,아리학생부교과전형,2.46,2.8,2.8
안양대학교,관광경영학과,아리학생부교과전형,2.46,2.8,2.8
안양대학교,국어국문학과,아리학생부교과전형,3.0,3.13,3.13
안양대학교,기독교학과,아리학생부교과전형,4.7,4.88,4.88
안양대학교,러시아어문학과,아리학생부교과전형,3.6,3.61,3.61
여주대학교,간호과,일반전형(교과),3.12,3.22,3.22
여주대학교,건축과,일반전형(교과),3.91,4.07,4.07
여주대학교,경영정보과,일반학생전형(교과),0.0,5.47,5.47
여주대학교,물리치료과,일반학생전형(교과),3.69,3.87,3.87
여주대학교,보건행정과,일반전형(교과),4.07,4.24,4.24
연성대학교,건축과,일반계고교과전형,0.0,3.8,3.8
연성대학교,경찰행정과,일반계고교과전형,0.0,3.3,3.3
연세대학교,간호학과,학생부교과전형,2.2,2.27,2.27
연세대학교,건축공학과,일반전형,0.0,5.8,5.8
연세대학교,건축학과,일반전형,0.0,5.8,5.8
연세대학교,경영학과,일반전형,0.0,6.0,6.0
연세대학교,국제관계학과,학생부교과우수자전형,4.6,4.7,4.7
연세대학교,물리학과,학생부교과전형,2.6,2.66,2.66
연세대학교,생명공학과,학생부교과전형,3.38,3.42,3.42
연세대학교,생명과학과,학생부교과전형,3.38,3.42,3.42
연세대학교,생물학과,학생부교과전형,3.38,3.42,3.42
연세대학교,생화학과,학생부교과전형,3.38,3.42,3.42
연세대학교 미래캠퍼스,간호학과,학생부교과전형,2.2,2.27,2.27
연세대학교 미래캠퍼스,물리치료학과,학생부교과전형,2.6,2.66,2.66
연세대학교 미래캠퍼스,물리학과,학생부교과전형,2.6,2.66,2.66
연세대학교 미래캠퍼스,방사선학과,학생부교과전형,2.52,2.61,2.61
연세대학교 미래캠퍼스,보건관리학과,학생부교과전형,4.68,4.7,4.7
연세대학교 미래캠퍼스,생명공학과,학생부교과전형,3.38,3.42,3.42
연세대학교 미래캠퍼스,생명과학과,학생부교과전형,3.38,3.42,3.42
연세대학교 미래캠퍼스,생물학과,학생부교과전형,3.38,3.42,3.42
영남대학교,건축공학과,일반전형,2.69,2.76,2.76
영남대학교,건축학과,일반전형,2.69,2.76,2.76
영남대학교,경영학과,일반학생전형,3.61,3.9,3.9
영남대학교,경제학과,일반전형,3.18,3.3,3.3
영남대학교,경찰행정학과,일반학생전형,3.33,3.54,3.54
영남대학교,고고학과,일반전형,3.38,3.54,3.54
영남대학교,교육학과,일반학생전형,3.41,3.57,3.57
영남대학교,국어교육과,일반학생전형,3.21,3.31,3.31
영남대학교,국어국문학과,일반학생전형,4.55,4.81,4.81
영남대학교,군사학과,군사학특별전형,5.21,5.62,5.62
영남대학교,기계공학과,일반학생전형,4.48,4.65,4.65
영남대학교,기계설계공학과,일반전형,5.86,5.95,5.95
영남대학교,독어독문학과,일반전형,3.32,3.47,3.47
영남대학교,문화인류학과,일반학생전형,4.77,4.86,4.86
영남대학교,물리학과,일반학생전형,5.18,5.51,5.51
영남대학교,산림자원학과,일반학생전형,5.42,5.46,5.46
영남대학교,생명공학과,일반학생전형,3.92,4.03,4.03
영남대학교,생명과학과,일반학생전형,4.36,4.67,4.67
영남대학교,생화학과,일반학생전형,4.91,5.04,5.04
영남대학교,수학교육과,일반학생전형,3.28,3.37,3.37
영남대학교,약학부,일반학생전형,1.36,1.38,1.38
영산대학교,간호학과,교과전형,1.94,2.04,2.04
영산대학교,건축공학과,학생부교과전형,2.51,2.57,2.57
영산대학교,건축학과,학생부교과전형,2.76,3.02,3.02
영산대학교,게임공학과,교과전형,4.13,4.5,4.5
영산대학교,경영학과,학생부교과전형,2.46,2.68,2.68
영산대학교,경찰행정학과,교과전형,4.95,5.86,5.86
영산대학교,관광경영학과,교과전형,4.68,5.23,5.23
영산대학교,국제학부,학생부교과전형,3.26,3.26,3.26
영산대학교,물리치료학과,교과전형,1.44,1.66,1.66
예수대학교,간호학과,교과우수전형,2.88,2.88,2.88
오산대학교,경찰행정과,교과전형,4.95,5.86,5.86
용인대학교,경영정보학과,교과성적우수자특별전형,2.9,3.2,3.2
용인대학교,경영학과,교과성적우수자특별전형,2.9,3.2,3.2
용인대학교,경찰행정학과,교과성적우수자특별전형,2.1,2.1,2.1
용인대학교,관광경영학과,교과성적우수자특별전형,2.8,2.8,2.8
용인대학교,군사학과,교과성적우수자특별전형,2.7,2.8,2.8
용인대학교,물리치료학과,교과성적우수자특별전형,1.9,2.0,2.0
용인대학교,생명과학과,교과성적우수자특별전형,2.5,2.6,2.6
우석대학교,간호학과,일반학생(교과중심)전형,3.42,3.59,3.59
우석대학교,건축공학과,일반학생(교과중심)전형,3.97,3.97,3.97
우석대학교,경영학과,일반학생(교과중심)전형,4.72,5.8,5.8
우석대학교,경찰행정학과,일반학생(교과중심)전형,4.75,5.2,5.2
우석대학교,관광경영학과,교과중심전형,0.0,0.0,0.0
우석대학교,교육학과,일반학생(교과중심)전형,6.0,6.0,6.0
우석대학교,국어교육과,일반학생(교과중심)전형,6.0,6.0,6.0
우석대학교,군사학과,일반학생(교과중심)전형,4.61,5.5,5.5
우석대학교,기계공학과,일반학생(교과중심)전형,3.97,3.97,3.97
우석대학교,문예창작학과,일반학생(교과중심)전형,5.08,5.93,5.93
우석대학교,물리치료학과,일반학생(교과중심)전형,2.76,3.52,3.52
우석대학교,보건관리학과,일반학생(교과중심)전형,3.74,5.0,5.0
우석대학교,생명과학과,일반학생(교과중심)전형,4.0,5.48,5.48
우석대학교,생화학과,일반학생(교과중심)전형,4.0,5.48,5.48
우석대학교,수학교육과,일반학생(교과중심)전형,3.46,3.46,3.46
우석대학교,역사교육과,일반학생(교과중심)전형,6.0,6.0,6.0
우석대학교,응급구조학과,일반학생(교과중심)전형,5.66,6.05,6.05
우송대학교,간호학과,교과중심전형,0.0,0.0,0.0
우송대학교,경영학과,교과중심전형,0.0,0.0,0.0
우송대학교,물리치료학과,교과중심전형,0.0,0.0,0.0
우송대학교,응급구조학과,교과중심전형,0.0,0.0,0.0
울산과학대학교,간호과,학생부교과전형,1.96,2.11,2.11
울산과학대학교,경영정보과,학생부교과전형,4.8,4.9,4.9
울산대학교,간호학과,학생부교과전형,1.96,2.11,2.11
울산대학교,건축공학과,학생부교과전형,2.51,2.57,2.57
울산대학교,건축학과,학생부교과전형,2.76,3.02,3.02
울산대학교,경영정보학과,학생부교과전형,4.8,4.9,4.9
울산대학교,경영학과,학생부교과전형,2.46,2.68,2.68
울산대학교,경제학과,학생부교과전형,4.8,4.9,4.9
울산대학교,경찰행정학과,교과전형,4.95,5.86,5.86
울산대학교,교양공학부,학생부교과전형,4.6,4.8,4.8
울산대학교,교양사회과학부,학생부교과전형,4.9,5.0,5.0
울산대학교,교양생활과학부,학생부교과전형,4.66,4.9,4.9
울산대학교,국어국문학과,학생부교과전형,5.1,5.6,5.6
울산대학교,국제관계학과,학생부교과전형,4.7,4.8,4.8
울산대학교,기계공학과,학생부교과전형,4.7,4.8,4.8
울산대학교,문화인류학과,학생부교과전형,4.5,4.92,4.92
울산대학교,물리학과,학생부교과전형,3.16,3.56,3.56
울산대학교,생명공학과,일반전형,5.14,5.39,5.39
울산대학교,생명과학과,일반전형,5.14,5.39,5.39
원광대학교,가정교육과,일반전형,3.0,3.08,3.08
원광대학교,간호학과,일반전형,2.95,3.06,3.06
원광대학교,건축공학과,일반전형,4.74,4.9,4.9
원광대학교,건축학과,일반전형,4.74,4.9,4.9
원광대학교,게임공학과,일반전형,4.25,4.45,4.45
원광대학교,경영학과,일반전형,4.65,5.03,5.03
원광대학교,경제학과,일반전형,4.94,5.48,5.48
원광대학교,경찰행정학과,일반전형,2.02,2.15,2.15
원광대학교,교양공학부,일반전형,4.76,4.85,4.85
원광대학교,교양인문학부,일반전형,3.84,4.01,4.01
원광대학교,교육학과,일반전형,2.98,3.22,3.22
원광대학교,교통공학과,일반전형,2.98,3.22,3.22
원광대학교,국방기술학과,일반전형,4.38,4.6,4.6
원광대학교,국어교육과,일반전형,2.68,2.95,2.95
원광대학교,국어국문학과,일반전형,4.4,4.54,4.54
원광대학교,국제통상학과,일반전형,4.91,5.29,5.29
원광대학교,군사학과,군사학과전형,4.24,4.38,4.38
원광대학교,기계공학과,일반전형,4.76,4.85,4.85
원광대학교,기계설계공학과,일반전형,4.76,4.85,4.85
원광대학교,동물자원학과,일반전형,4.15,4.23,4.23
원광대학교,문예창작학과,일반전형,3.85,4.09,4.09
원광대학교,생명과학과,일반전형,3.34,3.4,3.4
원광대학교,수학교육과,일반전형,2.81,3.12,3.12
원광대학교,역사교육과,일반전형,2.02,2.11,2.11
원광대학교,응급구조학과,일반전형,3.3,3.46,3.46
원광보건대학교,응급구조과,일반전형,3.3,3.46,3.46
위덕대학교,간호학과,교과전형,0.0,6.69,6.69
위덕대학교,경영학과,교과전형,0.0,7.04,7.04
위덕대학교,경찰행정학과,교과전형,0.0,7.29,7.29
유원대학교,간호학과,일반전형,2.95,3.06,3.06
유원대학교,건축공학과,일반전형,4.74,4.9,4.9
유원대학교,경영학과,교과전형,4.21,4.63,4.63
유원대학교,경찰행정학과,일반전형,5.8,6.5,6.5
유원대학교,관광경영학과,일반전형,3.8,3.97,3.97
유원대학교,교양사회과학부,유원교과전형,6.1,7.0,7.0
유원대학교,교양인문학부,일반전형,3.84,4.01,4.01
유원대학교,국방기술학과,일반전형,4.38,4.6,4.6
유원대학교,물리치료학과,일반전형,4.99,5.14,5.14
유원대학교,보건관리학과,교과전형,4.02,4.88,4.88
유원대학교,생명공학과,일반전형,3.77,3.92,3.92
유원대학교,언어치료학과,유원교과전형,4.4,4.9,4.9
유원대학교,응급구조학과,유원교과전형,3.5,5.9,5.9
유한대학교,건축과,일반전형,4.5,4.64,4.64
유한대학교,경영정보과,일반전형,5.88,6.62,6.62
을지대학교,간호학과,교과강원인재전형,3.44,3.5,3.5
을지대학교,경영학과,교과강원인재전형,5.47,5.47,5.47
을지대학교,관광경영학과,교과강원인재전형,5.47,5.47,5.47
을지대학교,물리치료학과,교과강원인재전형,2.82,2.82,2.82
인덕대학교,건축과,학생부교과전형,4.8,5.3,5.3
인덕대학교,관광경영과,교과성적우수자특별전형,2.8,2.8,2.8
인제대학교,간호학과,의예약학간호전형,1.9,2.0,2.0
인제대학교,건축학과,학생부교과전형,4.8,5.3,5.3
인제대학교,게임공학과,학생부교과전형,5.4,5.8,5.8
인제대학교,경영학과,학생부교과전형,5.1,5.6,5.6
인제대학교,경찰행정학과,학생부교과전형,4.1,4.3,4.3
인제대학교,금속공학과,학생부교과전형,4.8,5.0,5.0
인제대학교,기계공학과,교과성적우수자전형,3.16,3.2,3.2
인제대학교,물리치료학과,학생부교과전형,1.7,1.8,1.8
인제대학교,방사선학과,학생부교과전형,3.6,5.2,5.2
인제대학교,보건관리학과,학생부교과전형,3.3,3.5,3.5
인제대학교,생명공학과,학생부교과전형,4.3,4.5,4.5
인제대학교,생명과학과,교과성적우수자특별전형,2.5,2.6,2.6
인제대학교,약학부,의예약학간호전형,1.22,1.23,1.23
인제대학교,응급구조학과,학생부교과전형,3.3,3.5,3.5
인제대학교,의료정보공학과,학생부교과전형,4.7,5.3,5.3
인천대학교,건축공학과,학생부교과전형,4.8,5.3,5.3
인천대학교,건축학과,학생부교과전형,4.8,5.3,5.3
인천대학교,경영학과,교과일반전형,4.73,5.33,5.33
인천대학교,경제학과,교과성적우수자전형,2.88,2.84,2.84
인천대학교,국어교육과,교과성적우수자전형,2.5,2.5,2.5
인천대학교,국어국문학과,교과성적우수자전형,2.74,2.86,2.86
인천대학교,국제통상학과,교과성적우수자전형,2.88,2.84,2.84
인천대학교,기계공학과,교과성적우수자전형,3.16,3.2,3.2
인천대학교,독어독문학과,교과성적우수자전형,3.24,3.16,3.16
인천대학교,문헌정보학과,교과성적우수자전형,2.75,2.83,2.83
인천대학교,물리학과,교과성적우수자전형,3.27,3.04,3.04
인천대학교,생명공학과,학생부교과전형,4.3,4.5,4.5
인천대학교,생명과학과,학생부우수자전형,0.0,2.29,2.3
인천대학교,생물학과,교과성적우수자전형,3.27,3.04,3.04
인천대학교,수학교육과,교과성적우수자전형,0.0,0.0,0.0
인천대학교,역사교육과,교과성적우수자전형,3.27,3.27,3.27
인하대학교,간호학과,의예약학간호전형,1.9,2.0,2.0
인하대학교,건축공학과,학생부교과전형,4.8,5.3,5.3
인하대학교,건축학과,학생부교과전형,4.8,5.3,5.3
인하대학교,경영학과,교과성적우수자특별전형,2.9,3.2,3.2
인하대학교,경제학과,교과성적우수자전형,2.88,2.84,2.84
인하대학교,국어교육과,교과성적우수자전형,2.5,2.5,2.5
인하대학교,국어국문학과,교과성적우수자전형,2.74,2.86,2.86
인하대학교,기계공학과,교과성적우수자전형,3.16,3.2,3.2
인하대학교,독어독문학과,교과성적우수자전형,3.24,3.16,3.16
인하대학교,물리학과,교과성적우수자전형,3.27,3.04,3.04
인하대학교,사회교육과,교과성적우수자전형,3.27,3.27,3.27
인하대학교,생명공학과,학생부교과전형,4.3,4.5,4.5
인하대학교,생명과학과,교과성적우수자특별전형,2.5,2.6,2.6
인하대학교,수학교육과,교과성적우수자전형,0.0,0.0,0.0
장안대학교,게임콘텐츠과,아리학생부교과전형,4.83,5.58,5.58
장안대학교,관광경영과,아리학생부교과전형,2.46,2.8,2.8
재능대학교,간호과,교과Ⅰ전형,2.3,2.5,2.5
전남과학대학교,간호과,일반전형,2.15,2.28,2.28
전남대학교,가정교육과,일반전형,0.0,0.0,0.0
전남대학교,간호학과,일반전형,2.15,2.28,2.28
전남대학교,건축공학과,교과중점전형,5.25,5.38,5.38
전남대학교,건축학과,일반전형,2.69,2.76,2.76
전남대학교,경영학과,교과중점전형,4.41,5.01,5.01
전남대학교,경제학과,일반전형,0.0,0.0,0.0
전남대학교,고분자공학과,일반전형,2.89,3.18,3.18
전남대학교,관광경영학과,일반전형,5.26,5.82,5.82
전남대학교,교양경상학부,일반전형,3.48,3.66,3.66
전남대학교,교양공학부,일반전형,3.04,3.22,3.22
전남대학교,교육학과,일반전형,0.0,0.0,0.0
전남대학교,국어교육과,일반전형,2.1,2.97,2.97
전남대학교,국어국문학과,일반전형,3.61,3.76,3.76
전남대학교,국제지역학과,일반전형,3.34,3.69,3.69
전남대학교,국제학부,일반전형,3.07,3.14,3.14
전남대학교,기계공학과,일반전형,5.86,5.95,5.95
전남대학교,기계설계공학과,일반전형,5.86,5.95,5.95
전남대학교,독어독문학과,일반전형,3.32,3.47,3.47
전남대학교,동물자원학과,일반전형,3.54,3.58,3.58
전남대학교,문헌정보학과,일반전형,2.55,3.4,3.4
전남대학교,문화인류학과,일반전형,3.47,3.47,3.47
전남대학교,물리교육과,일반전형,3.55,3.59,3.59
전남대학교,물리학과,일반전형,3.6,3.62,3.62
전남대학교,산림자원학과,일반전형,2.82,3.1,3.1
전남대학교,생명공학과,일반전형,2.89,3.18,3.18
전남대학교,생명과학과,일반학생전형,4.36,4.67,4.67
전남대학교,생물교육과,일반전형,0.0,0.0,0.0
전남대학교,생물학과,일반전형,3.03,3.24,3.24
전남대학교,생화학과,일반전형,3.13,3.21,3.21
전남대학교,수산학과,일반전형,3.22,3.28,3.28
전남대학교,수학교육과,일반전형,2.31,2.41,2.41
전남대학교,약학부,일반전형,1.11,1.15,1.15
전남대학교,역사교육과,일반전형,0.0,0.0,0.0
전북과학대학교,간호과,일반학생전형,2.66,2.71,2.71
전북대학교,간호학과,일반학생전형,2.66,2.71,2.71
전북대학교,건축공학과,일반학생전형,3.74,3.82,3.82
전북대학교,건축학과,일반학생전형,3.74,3.82,3.82
전북대학교,경영학과,일반학생전형,4.31,4.67,4.67
전북대학교,경제학과,학생부교과전형,3.24,3.25,3.25
전북대학교,고분자공학과,일반학생전형,3.99,4.04,4.04
전북대학교,과학교육과,일반학생전형,3.21,4.22,4.22
전북대학교,교양공학부,일반학생전형,4.95,5.39,5.39
전북대학교,교육학과,일반학생전형,3.01,3.19,3.19
전북대학교,국어교육과,일반학생전형,4.7,4.79,4.79
전북대학교,국어국문학과,일반학생전형,3.63,3.7,3.7
전북대학교,국제지역학과,일반학생전형,4.51,4.57,4.57
전북대학교,국제학부,일반학생전형,4.82,4.82,4.82
전북대학교,금속공학과,교과우수자전형,3.18,3.28,3.28
전북대학교,기계공학과,일반학생전형,3.57,3.71,3.71
전북대학교,기계설계공학과,일반학생전형,3.57,3.71,3.71
전북대학교,농공학과,일반학생전형,3.74,3.82,3.82
전북대학교,독어독문학과,교과우수자전형,3.14,3.16,3.16
전북대학교,독일어교육과,일반학생전형,3.29,3.29,3.29
전북대학교,독일학과,일반학생전형,4.51,4.6,4.6
전북대학교,동물자원학과,일반학생전형,4.04,4.14,4.14
전북대학교,문헌정보학과,일반학생전형,3.52,3.69,3.69
전북대학교,문화인류학과,일반학생전형,4.0,4.18,4.18
전북대학교,물리교육과,교과우수자전형,3.5,3.99,3.99
전북대학교,물리학과,일반학생전형,4.56,4.6,4.6
전북대학교,산림자원학과,일반전형,2.82,3.1,3.1
전북대학교,생명공학과,일반학생전형,3.98,4.05,4.05
전북대학교,생명과학과,일반학생전형,3.68,3.68,3.68
전북대학교,생물교육과,교과우수자전형,2.29,2.45,2.45
전북대학교,생물산업기계공학과,일반학생전형,4.63,4.68,4.68
전북대학교,생물학과,일반학생전형,3.95,4.21,4.21
전북대학교,수학교육과,일반학생전형,3.21,4.22,4.22
전북대학교,약학부,일반전형,1.11,1.15,1.15
전북대학교,역사교육과,일반학생전형,2.7,2.73,2.73
전주교육대학교,가정교육과,일반학생전형(교과),4.84,5.32,5.32
전주교육대학교,과학교육과,일반학생전형(교과),5.42,5.68,5.68
전주교육대학교,국어교육과,일반학생전형(교과),4.78,5.04,5.04
전주교육대학교,수학교육과,일반학생전형(교과),4.35,5.01,5.01
전주대학교,가정교육과,일반학생전형(교과),4.84,5.32,5.32
전주대학교,간호학과,일반학생전형(교과),3.38,3.58,3.58
전주대학교,건축공학과,일반학생전형(교과),6.6,7.52,7.52
전주대학교,건축학과,일반학생전형(교과),6.6,7.52,7.52
전주대학교,게임공학과,일반학생전형(교과),5.76,6.34,6.34
전주대학교,경영학과,일반학생전형(교과),6.64,7.4,7.4
전주대학교,경제학과,일반학생전형(교과),5.0,4.42,4.42
전주대학교,경찰행정학과,일반학생전형(교과),4.65,4.95,4.95
전주대학교,과학교육과,일반학생전형(교과),5.42,5.68,5.68
전주대학교,관광경영학과,일반학생전형(교과),6.37,6.77,6.77
전주대학교,교육학과,일반전형(교과),2.97,2.99,2.99
전주대학교,국어교육과,일반학생전형(교과),4.78,5.04,5.04
전주대학교,국어국문학과,일반전형,3.61,3.76,3.76
전주대학교,기계공학과,일반학생전형(교과),6.58,6.92,6.92
전주대학교,기계설계공학과,일반학생전형(교과),6.58,6.92,6.92
전주대학교,기독교학과,일반학생전형(교과),6.58,6.92,6.92
전주대학교,문헌정보학과,일반학생전형(교과),5.0,5.28,5.28
전주대학교,물리치료학과,일반학생전형(교과),3.69,3.87,3.87
전주대학교,방사선학과,일반학생전형(교과),4.07,4.19,4.19
전주대학교,보건관리학과,일반학생전형(교과),5.31,5.87,5.87
전주대학교,생명과학과,일반학생전형(교과),5.3,5.7,5.7
전주대학교,수학교육과,일반학생전형(교과),4.35,5.01,5.01
전주대학교,예술치료학과,일반학생전형(교과),5.68,6.14,6.14
전주비전대학교,간호과,일반학생전형(교과),3.38,3.58,3.58
전주비전대학교,물리치료과,일반학생전형(교과),3.69,3.87,3.87
전주비전대학교,방사선과,일반학생전형(교과),4.07,4.19,4.19
제주관광대학교,간호과,일반학생전형(교과),3.12,3.29,3.29
제주관광대학교,관광경영과,일반학생전형(교과),4.04,5.28,5.28
제주국제대학교,건축공학과,일반학생전형,0.0,0.0,0.0
제주국제대학교,경영학과,일반학생전형(교과),3.64,3.64,3.64
제주국제대학교,경찰행정학과,일반학생전형(교과),3.77,4.27,4.27
제주국제대학교,기계공학과,일반학생전형,0.0,0.0,0.0
제주대학교,간호학과,일반학생전형(교과),3.12,3.29,3.29
제주대학교,건축공학과,일반학생전형(교과),6.6,7.52,7.52
제주대학교,건축학과,일반전형(교과),3.91,4.07,4.07
제주대학교,경영정보학과,일반학생전형(교과),0.0,5.47,5.47
제주대학교,경영학과,일반학생전형(교과),3.64,3.64,3.64
제주대학교,경제학과,일반학생전형(교과),5.0,4.42,4.42
제주대학교,관광경영학과,일반학생전형(교과),4.04,5.28,5.28
제주대학교,국어교육과,일반학생전형(교과),0.0,4.9,4.9
제주대학교,국어국문학과,일반학생전형(교과),4.6,4.79,4.79
제주대학교,기계공학과,일반학생전형(교과),6.58,6.92,6.92
제주대학교,독일학과,일반학생전형(교과),5.9,5.4,5.4
제주대학교,물리교육과,일반전형(교과),3.65,3.68,3.68
제주대학교,물리학과,일반학생전형(교과),5.83,7.15,7.15
제주대학교,사회교육과,일반학생전형(교과),2.77,2.77,2.77
제주대학교,생명공학과,일반학생전형(교과),5.03,4.96,4.96
제주대학교,생명과학과,일반학생전형(교과),4.31,4.42,4.42
제주대학교,생물교육과,일반전형(교과),2.23,2.23,2.23
제주대학교,생물학과,일반학생전형(교과),5.48,5.85,5.85
제주대학교,수학교육과,일반학생전형(교과),2.82,2.82,2.82
제주대학교,약학부,일반학생전형(교과),1.17,1.24,1.24
제주한라대학교,간호과,일반학생전형(교과),3.12,3.29,3.29
제주한라대학교,관광경영과,일반학생전형(교과),4.04,5.28,5.28
조선간호대학교,간호과,일반전형,2.76,2.82,2.82
조선대학교,가정교육과,일반전형,4.4,4.46,4.46
조선대학교,간호학과,일반전형,2.76,2.82,2.82
조선대학교,건축공학과,일반전형,4.53,4.75,4.75
조선대학교,건축학과,일반전형,4.53,4.75,4.75
조선대학교,경영학과,일반전형,4.81,5.02,5.02
조선대학교,경제학과,일반전형,5.44,5.88,5.88
조선대학교,경찰행정학과,일반전형,3.81,3.03,3.03
조선대학교,관광경영학과,일반전형,4.81,5.02,5.02
조선대학교,광학공학과,일반전형,0.0,0.0,0.0
조선대학교,교육학과,일반전형,4.4,4.46,4.46
조선대학교,국어교육과,일반전형,4.19,4.44,4.44
조선대학교,국어국문학과,일반전형,5.29,6.44,6.44
조선대학교,군사학과,군사학과전형,6.61,5.3,5.3
조선대학교,금속공학과,일반전형,4.53,4.75,4.75
조선대학교,기계공학과,일반전형,5.87,6.09,6.09
조선대학교,독어독문학과,일반전형,5.78,6.28,6.28
조선대학교,독일어교육과,일반전형,4.19,4.44,4.44
조선대학교,러시아어문학과,일반전형,6.65,5.9,5.9
조선대학교,물리교육과,일반전형,0.0,0.0,0.0
조선대학교,물리학과,일반전형,0.0,0.0,0.0
조선대학교,생명공학과,일반전형,4.8,5.33,5.33
조선대학교,생명과학과,일반전형,5.13,5.44,5.44
조선대학교,생물교육과,일반전형,5.3,5.68,5.68
조선대학교,수학교육과,일반전형,3.88,4.14,4.14
조선대학교,약학부,일반전형,1.29,1.31,1.31
조선대학교,언어치료학과,일반전형,4.73,4.8,4.8
중부대학교,간호학과,학생부우수자전형,1.9,1.9,1.9
중부대학교,건축공학과,학생부교과전형,2.51,2.57,2.57
중부대학교,건축학과,학생부교과전형,2.76,3.02,3.02
중부대학교,경영학과,학생부교과전형,2.46,2.68,2.68
중부대학교,경찰행정학과,일반학생전형,6.26,7.84,7.84
중부대학교,관광경영학과,학생부교과전형,2.46,2.68,2.68
중부대학교,교육학과,학생부교과전형,0.0,0.0,0.0
중부대학교,국제통상학과,학생부우수자전형,3.1,3.2,3.2
중부대학교,동물자원학과,학생부우수자전형,3.3,4.0,4.0
중부대학교,문헌정보학과,학생부교과전형,3.29,3.6,3.6
중부대학교,물리치료학과,학생부우수자전형,1.9,1.9,1.9
중앙대학교,간호학과,학생부우수자전형,1.9,1.9,1.9
중앙대학교,물리학과,학생부우수자전형,1.9,1.9,1.9
중원대학교,간호학과,일반전형Ⅱ,3.25,3.41,3.41
중원대학교,경영학과,교과전형,4.21,4.63,4.63
중원대학교,경찰행정학과,일반전형Ⅰ,4.75,5.0,5.0
중원대학교,생명공학과,일반전형,3.77,3.92,3.92
중원대학교,생명과학과,일반전형,3.34,3.4,3.4
차의과학대학교,간호학과,일반전형,2.72,2.78,2.78
차의과학대학교,생명과학과,일반전형,3.22,4.17,4.17
창신대학교,간호학과,일반계고교전형,3.58,4.06,4.06
창신대학교,경영학과,일반전형,6.4,6.4,6.4
창신대학교,경찰행정학과,일반전형,5.33,5.33,5.33
창신대학교,보건관리학과,일반계고교전형,5.02,5.7,5.7
창신대학교,응급구조학과,일반계고교전형,3.56,4.36,4.36
청암대학교,간호과,일반전형,3.4,3.53,3.53
청암대학교,경찰행정과,교과우수전형,3.5,4.25,4.25
청암대학교,물리치료과,일반전형,2.75,2.63,2.63
청운대학교,간호학과,일반전형,3.4,3.53,3.53
청운대학교,건축공학과,일반전형,3.67,4.0,4.0
청운대학교,경영학과,일반전형,3.4,3.87,3.87
청운대학교,관광경영학과,일반전형,3.4,3.87,3.87
청운대학교,광고홍보학과,일반전형,3.53,3.6,3.6
청운대학교,생명공학과,일반전형,3.67,3.8,3.8
청주대학교,간호학과,일반전형,2.13,2.75,2.75
청주대학교,건축공학과,교과우수전형,4.5,4.63,4.63
청주대학교,건축학과,교과우수전형,2.88,2.88,2.88
청주대학교,경영학과,교과우수전형,4.25,4.63,4.63
청주대학교,경제학과,일반학생전형(교과),5.0,4.42,4.42
청주대학교,경찰행정학과,교과우수전형,3.5,4.25,4.25
청주대학교,고고학과,교과우수전형,4.0,4.13,4.13
청주대학교,관광경영학과,교과우수전형,4.88,5.0,5.0
청주대학교,광고홍보학과,교과우수전형,4.0,4.13,4.13
청주대학교,광학공학과,일반전형(교과),5.31,5.72,5.72
청주대학교,교육학과,일반전형(교과),2.97,2.99,2.99
청주대학교,국어교육과,교과우수전형,3.13,3.75,3.75
청주대학교,국어국문학과,일반학생전형(교과),4.6,4.79,4.79
청주대학교,국제통상학과,교과우수전형,4.63,5.0,5.0
청주대학교,군사학과,군사학과전형,4.75,4.88,4.88
청주대학교,기계공학과,교과우수전형,3.88,3.88,3.88
청주대학교,러시아어문학과,교과우수전형,4.75,5.13,5.13
청주대학교,문헌정보학과,교과우수전형,3.75,4.0,4.0
청주대학교,물리치료학과,일반전형,2.75,2.63,2.63
청주대학교,방사선학과,일반전형,2.38,2.88,2.88
청주대학교,생명공학과,일반학생전형(교과),5.03,4.96,4.96
청주대학교,생명과학과,일반전형(교과),3.7,4.31,4.31
청주대학교,생화학과,일반전형(교과),4.38,4.69,4.69
청주대학교,수학교육과,교과우수전형,3.13,3.63,3.63
초당대학교,간호학과,일반전형,4.7,4.88,4.88
초당대학교,경영학과,일반전형,5.23,6.0,6.0
초당대학교,경찰행정학과,일반전형,6.0,6.0,6.0
초당대학교,관광경영학과,일반전형,5.23,6.0,6.0
초당대학교,군사학과,일반전형,5.36,6.25,6.25
총신대학교,교육학과,일반고교과전형,2.9,3.2,3.2
총신대학교,역사교육과,교과우수자전형,2.6,2.6,2.6
충남대학교,간호학과,일반전형,2.2,2.26,2.26
충남대학교,건설공학교육과,일반전형,3.77,3.97,3.97
충남대학교,건축공학과,일반전형,2.69,2.76,2.76
충남대학교,건축학과,일반전형,2.69,2.76,2.76
충남대학교,경영학과,일반학생전형,3.61,3.9,3.9
충남대학교,경제학과,일반전형,3.18,3.3,3.3
충남대학교,고고학과,일반전형,3.38,3.54,3.54
충남대학교,고분자공학과,일반전형,2.27,2.48,2.48
충남대학교,교육학과,일반전형,2.65,2.65,2.65
충남대학교,국어교육과,일반전형,2.89,2.91,2.91
충남대학교,국어국문학과,일반전형,3.16,3.37,3.37
충남대학교,국제통상학과,일반전형,6.2,6.47,6.47
충남대학교,국제학부,일반전형,3.07,3.14,3.14
충남대학교,군사학과,일반전형,3.04,3.31,3.31
충남대학교,기계공학과,일반전형,3.87,3.99,3.99
충남대학교,기계설계공학과,일반전형,5.86,5.95,5.95
충남대학교,기계ㆍ재료공학교육과,일반전형,3.87,3.99,3.99
충남대학교,기술교육과,일반전형,2.15,2.36,2.36
충남대학교,독어독문학과,일반전형,3.32,3.47,3.47
충남대학교,동물자원학과,일반전형,3.2,3.35,3.35
충남대학교,문헌정보학과,일반전형,2.56,2.59,2.59
충남대학교,물리학과,일반전형,3.82,3.87,3.87
충남대학교,미생물학과,일반전형,2.59,2.7,2.7
충남대학교,산림자원학과,일반전형,4.0,4.26,4.26
충남대학교,생명과학과,일반학생전형,4.36,4.67,4.67
충남대학교,생물학과,일반전형,2.59,2.7,2.7
충남대학교,생화학과,일반전형,2.48,2.5,2.5
충남대학교,수학교육과,일반전형,2.27,2.31,2.31
충남대학교,약학부,일반학생전형,1.36,1.38,1.38
충남도립대학교,건축과,일반전형,2.69,2.76,2.76
충북대학교,간호학과,학생부교과전형,2.74,3.0,3.0
충북대학교,건축공학과,학생부교과전형,3.66,3.96,3.96
충북대학교,건축학과,학생부교과전형,3.22,3.36,3.36
충북대학교,경영정보학과,학생부교과전형,3.45,3.57,3.57
충북대학교,경영학과,일반학생전형,4.31,4.67,4.67
충북대학교,경제학과,학생부교과전형,3.24,3.25,3.25
충북대학교,고고학과,일반전형,3.38,3.54,3.54
충북대학교,공업화학과,학생부교과전형,3.24,3.3,3.3
충북대학교,과학교육과,학생부교과전형,0.0,0.0,0.0
충북대학교,교육학과,학생부교과전형,2.99,3.09,3.09
충북대학교,국어교육과,학생부교과전형,3.2,3.46,3.46
충북대학교,국어국문학과,학생부교과전형,3.92,4.02,4.02
충북대학교,기계공학과,일반학생전형,3.57,3.71,3.71
충북대학교,농공학과,학생부교과전형,3.66,3.96,3.96
충북대학교,독어독문학과,교과우수자전형,3.14,3.16,3.16
충북대학교,러시아어문학과,학생부교과전형,3.77,3.79,3.79
충북대학교,물리교육과,학생부교과전형,0.0,0.0,0.0
충북대학교,물리학과,학생부교과전형,4.12,4.32,4.32
충북대학교,미생물학과,학생부교과전형,3.07,3.17,3.17
충북대학교,사회교육과,학생부교과전형,2.62,2.75,2.75
충북대학교,산림자원학과,학생부교과전형,0.0,0.0,0.0
충북대학교,생명공학과,학생부교과전형,2.8,2.86,2.86
충북대학교,생명과학과,일반학생전형,3.68,3.68,3.68
충북대학교,생물교육과,학생부교과전형,0.0,0.0,0.0
충북대학교,생물학과,학생부교과전형,3.15,3.21,3.21
충북대학교,생화학과,학생부교과전형,3.86,4.1,4.1
충북대학교,수학교육과,학생부교과전형,0.0,0.0,0.0
충북대학교,약학부,학생부교과전형,0.0,0.0,0.0
충북대학교,역사교육과,학생부교과전형,2.54,2.59,2.59
충청대학교,간호과,일반전형,3.4,3.53,3.53
충청대학교,건축과,교과우수전형,2.88,2.88,2.88
충청대학교,경찰행정과,교과우수전형,3.5,4.25,4.25
칼빈대학교,동물자원학과,일반학생전형,6.8,8.57,8.57
평택대학교,경영학과,PTU교과전형,3.11,3.22,3.22
평택대학교,광고홍보학과,PTU교과전형,2.77,3.0,3.0
평택대학교,국제지역학과,PTU교과전형,4.15,4.33,4.33
포항대학교,간호과,교과일반전형,0.0,2.79,2.79
한경국립대학교,건축공학과,일반전형(교과),3.99,4.12,4.12
한경국립대학교,건축학과,일반전형(교과),3.99,4.12,4.12
한경국립대학교,경영학과,일반전형(교과),4.42,4.57,4.57
한경국립대학교,교양공학부,일반전형,4.27,4.44,4.44
한경국립대학교,기계공학과,일반전형(교과),4.5,4.83,4.83
한경국립대학교,농공학과,일반전형(교과),3.59,4.03,4.03
한경국립대학교,생명공학과,일반전형,4.27,4.44,4.44
한경국립대학교,생명과학과,일반전형(교과),6.08,6.26,6.26
한국공학대학교,게임공학과,교과우수자전형,3.02,3.2,3.2
한국공학대학교,경영학과,교과성적우수자전형,2.5,2.6,2.6
한국공학대학교,기계공학과,교과우수자전형,3.4,3.52,3.52
한국공학대학교,기계설계공학과,교과우수자전형,3.4,3.52,3.52
한국공학대학교,생명공학과,교과우수자전형,2.73,2.89,2.89
한국교원대학교,교육학과,일반전형,3.62,3.8,3.8
한국기술교육대학교,기계공학과,학생부교과전형,4.14,4.33,4.33
한국성서대학교,간호학과,학생부교과1전형,2.5,2.9,2.9
한국항공대학교,경영학과,교과성적우수자전형,2.5,2.6,2.6
한국항공대학교,관광경영학과,교과성적우수자전형,2.5,2.6,2.6
한국항공대학교,기계공학과,교과우수자전형,3.4,3.52,3.52
한남대학교,간호학과,일반전형,3.4,3.5,3.5
한남대학교,건축공학과,일반전형,4.5,4.64,4.64
한남대학교,건축학과,일반전형,4.5,4.64,4.64
한남대학교,경영정보학과,일반전형,5.88,6.62,6.62
한남대학교,경영학과,일반전형,4.87,5.15,5.15
한남대학교,경제학과,일반전형,5.68,5.92,5.92
한남대학교,경찰행정학과,일반학생전형,6.26,7.84,7.84
한남대학교,관광경영학과,일반전형,4.87,5.15,5.15
한남대학교,교양인문학부,교과우수자전형,4.03,4.17,4.17
한남대학교,교육학과,일반전형,4.51,4.6,4.6
한남대학교,국어교육과,일반전형,4.31,4.45,4.45
한남대학교,기계공학과,일반전형,5.58,6.02,6.02
한남대학교,기독교학과,일반전형,6.46,6.46,6.46
한남대학교,문예창작학과,일반전형,5.06,5.64,5.64
한남대학교,문헌정보학과,일반전형,4.08,4.2,4.2
한남대학교,미술교육과,일반전형,4.51,4.6,4.6
한남대학교,생명공학과,일반학생전형,3.92,4.03,4.03
한남대학교,생명과학과,일반학생전형,4.36,4.67,4.67
한남대학교,수학교육과,일반전형,3.46,3.62,3.62
한남대학교,역사교육과,일반전형,3.14,3.28,3.28
한동대학교,경영학과,일반학생전형,4.61,4.84,4.84
한동대학교,교양인문학부,교과우수자전형,4.03,4.17,4.17
한동대학교,생명과학과,교과우수자전형,4.09,4.27,4.27
한라대학교,건축학과,일반학생(교과중심)전형,4.82,5.33,5.33
한라대학교,경영학과,일반학생(교과중심)전형,5.51,5.58,5.58
한라대학교,경찰행정학과,일반학생(교과중심)전형,4.41,4.6,4.6
한라대학교,관광경영학과,일반학생(교과중심)전형,6.47,6.55,6.55
한라대학교,교통공학과,학생부교과전형,1.25,1.43,1.43
한라대학교,기계공학과,일반전형,3.8,4.0,4.0
한림대학교,간호학과,교과우수자전형,2.56,2.6,2.6
한림대학교,경영학과,일반전형,4.87,5.15,5.15
한림대학교,경제학과,교과우수자전형,4.35,4.58,4.58
한림대학교,관광경영학과,일반학생(교과중심)전형,6.47,6.55,6.55
한림대학교,광고홍보학과,교과우수자전형,3.0,3.42,3.42
한림대학교,광학공학과,일반전형,5.65,6.14,6.14
한림대학교,교양사회과학부,교과우수자전형,3.0,3.33,3.33
한림대학교,교양인문학부,교과우수자전형,4.03,4.17,4.17
한림대학교,국어국문학과,학생부교과전형,1.48,1.48,1.48
한림대학교,러시아학과,교과우수자전형,4.57,4.65,4.65
한림대학교,물리학과,학생부교과전형,1.37,1.37,1.37
한림대학교,생명공학과,교과우수자전형,4.32,4.4,4.4
한림대학교,생명과학과,교과우수자전형,4.09,4.27,4.27
한림성심대학교,간호과,교과우수자전형,2.56,2.6,2.6
한서대학교,간호학과,학생부교과1전형,2.5,2.9,2.9
한서대학교,건축학과,일반계교과전형,4.6,4.6,4.6
한서대학교,관광경영학과,일반학생(교과중심)전형,6.47,6.55,6.55
한서대학교,광고홍보학과,일반계교과전형,3.4,3.8,3.8
한서대학교,교양인문학부,교과우수자전형,4.03,4.17,4.17
한서대학교,국제관계학과,학생부교과우수자전형,4.6,4.7,4.7
한서대학교,국제통상학과,일반전형,6.2,6.47,6.47
한서대학교,문예창작학과,학생부교과1전형,4.5,5.0,5.0
한서대학교,물리치료학과,학생부교과1전형,2.8,3.1,3.1
한서대학교,방사선학과,학생부교과1전형,3.0,3.3,3.3
한서대학교,생명과학과,교과우수자전형,4.09,4.27,4.27
한성대학교,경영학과,일반계고교과전형,0.0,4.2,4.2
한성대학교,경제학과,일반전형,5.68,5.92,5.92
한성대학교,교양사회과학부,교과우수전형,3.02,3.11,3.11
한성대학교,교양인문학부,교과우수자전형,4.03,4.17,4.17
한성대학교,국어국문학과,교과성적우수자전형,0.0,4.0,4.0
한성대학교,기계공학과,일반전형,3.8,4.0,4.0
한성대학교,문예창작학과,학생부교과우수자전형,3.29,3.46,3.46
한성대학교,문헌정보학과,일반계고교과전형,0.0,3.5,3.5
한세대학교,간호학과,학생부교과우수자전형,2.9,2.9,2.9
한세대학교,경영학과,학생부교과우수자전형,4.2,4.5,4.5
한세대학교,경찰행정학과,학생부교과우수자전형,3.3,3.4,3.4
한세대학교,관광경영학과,학생부교과우수자전형,4.2,4.5,4.5
한세대학교,광고홍보학과,일반전형,0.0,5.3,5.3
한세대학교,교양인문학부,교과우수자전형,4.03,4.17,4.17
한세대학교,기독교학과,일반전형,6.46,6.46,6.46
한신대학교,경영학과,일반전형,6.4,6.4,6.4
한신대학교,경제학과,일반전형,5.68,5.92,5.92
한신대학교,광고홍보학과,교과우수자전형,3.0,3.42,3.42
한신대학교,교양인문학부,교과우수자전형,4.03,4.17,4.17
한신대학교,국어국문학과,학생부교과전형,1.48,1.48,1.48
한신대학교,국제관계학과,학생부교과우수자전형,4.6,4.7,4.7
한신대학교,국제통상학과,일반전형,6.2,6.47,6.47
한신대학교,독어독문학과,학생부교과전형,1.47,1.47,1.47
한신대학교,문예창작학과,일반고교과전형,5.0,5.4,5.4
한양대학교,간호학과,학생부교과전형,1.24,1.24,1.24
한양대학교,건축공학과,학생부교과(일반)전형,3.98,4.12,4.12
한양대학교,건축학과,일반전형,4.5,4.64,4.64
한양대학교,경영학과,일반전형,4.87,5.15,5.15
한양대학교,경제학과,일반전형,5.68,5.92,5.92
한양대학교,관광경영학과,아리학생부교과전형,2.46,2.8,2.8
한양대학교,교양공학부,학생부교과전형,1.31,1.37,1.37
한양대학교,교양인문학부,교과우수자전형,4.03,4.17,4.17
한양대학교,교육공학과,학생부교과전형,1.25,1.43,1.43
한양대학교,교육학과,학생부교과전형,1.27,1.27,1.27
한양대학교,국어교육과,학생부교과전형,1.34,1.34,1.34
한양대학교,국어국문학과,학생부교과전형,1.48,1.48,1.48
한양대학교,국제학부,학생부교과전형,1.38,1.4,1.4
한양대학교,기계공학과,일반전형,3.8,4.0,4.0
한양대학교,독어독문학과,학생부교과전형,1.47,1.47,1.47
한양대학교,물리학과,학생부교과전형,1.37,1.37,1.37
한양대학교,미술교육과,학생부교과전형,1.27,1.27,1.27
한양대학교,생명공학과,학생부교과전형,1.07,1.27,1.27
한양대학교,생명과학과,학생부교과전형,1.18,1.26,1.26
한양대학교,수학교육과,학생부교과전형,1.0,1.17,1.17
한양대학교 ERICA캠퍼스,건축공학과,학생부교과전형,1.31,1.37,1.37
한양대학교 ERICA캠퍼스,건축학과,학생부교과전형,1.28,1.33,1.33
한양대학교 ERICA캠퍼스,경영학과,학생부교과전형,1.47,1.55,1.55
한양대학교 ERICA캠퍼스,경제학과,학생부교과전형,1.38,1.4,1.4
한양대학교 ERICA캠퍼스,광학공학과,학생부교과전형,1.11,1.12,1.12
한양대학교 ERICA캠퍼스,교양공학부,학생부교과전형,1.31,1.37,1.37
한양대학교 ERICA캠퍼스,교통공학과,학생부교과전형,1.25,1.43,1.43
한양대학교 ERICA캠퍼스,국어국문학과,학생부교과전형,1.48,1.48,1.48
한양대학교 ERICA캠퍼스,기계공학과,학생부교과전형,1.27,1.28,1.28
한양대학교 ERICA캠퍼스,문화인류학과,학생부교과전형,1.24,1.24,1.24
한양대학교 ERICA캠퍼스,물리학과,학생부교과전형,1.37,1.37,1.37
한양대학교 ERICA캠퍼스,생명공학과,학생부교과전형,1.07,1.27,1.27
한양대학교 ERICA캠퍼스,생명과학과,학생부교과전형,1.18,1.26,1.26
한영대학교,간호과,일반학생전형,4.4,4.8,4.8
한일장신대학교,간호학과,일반학생전형,5.0,6.0,6.0
협성대학교,건축공학과,학생부교과우수자전형,3.84,4.01,4.01
협성대학교,경영학과,학생부교과우수자전형,3.53,3.93,3.93
협성대학교,국제통상학과,일반계고교과전형,0.0,4.3,4.3
협성대학교,문예창작학과,학생부교과우수자전형,3.29,3.46,3.46
협성대학교,보건관리학과,학생부교과우수자전형,4.18,4.35,4.35
협성대학교,생명공학과,학생부교과우수자전형,3.33,3.44,3.44
협성대학교,생명과학과,학생부교과우수자전형,3.33,3.44,3.44
혜전대학교,간호과,교과중점전형,2.38,2.5,2.5
호남대학교,간호학과,일반전형(교과),2.8,3.1,3.1
호남대학교,건축학과,일반전형,2.69,2.76,2.76
호남대학교,게임공학과,일반전형(교과),4.9,5.1,5.1
호남대학교,경영학과,일반학생전형,3.61,3.9,3.9
호남대학교,경찰행정학과,일반학생전형,6.26,7.84,7.84
호남대학교,관광경영학과,일반전형,5.26,5.82,5.82
호남대학교,동물자원학과,일반전형,3.54,3.58,3.58
호남대학교,물리치료학과,일반전형(교과),3.3,3.5,3.5
호남대학교,생명공학과,일반학생전형,3.92,4.03,4.03
호남대학교,언어치료학과,일반전형,3.18,3.2,3.2
호남대학교,응급구조학과,일반학생전형,6.19,6.52,6.52
호산대학교,간호과,학생부교과전형,2.07,2.12,2.12
호산대학교,건축과,학생부교과전형,2.76,3.02,3.02
호산대학교,물리치료과,교과전형,1.44,1.66,1.66
호서대학교,간호학과,학생부전형,2.57,2.68,2.68
호서대학교,건축공학과,학생부전형,3.74,3.9,3.9
호서대학교,건축학과,학생부전형,3.74,3.9,3.9
호서대학교,게임공학과,일반계교과전형,2.9,3.0,3.0
호서대학교,경영학과,일반전형,8.2,9.0,9.0
호서대학교,경찰행정학과,학생부전형,4.33,4.76,4.76
호서대학교,국어국문학과,학생부전형,5.22,5.53,5.53
호서대학교,국제통상학과,학생부전형,5.35,5.53,5.53
호서대학교,기계공학과,학생부전형,5.5,5.59,5.59
호서대학교,기독교학과,학생부전형,4.17,6.0,6.0
호서대학교,물리치료학과,학생부전형,2.67,2.67,2.67
호서대학교,생명공학과,학생부전형,4.81,5.05,5.05
호원대학교,간호학과,일반전형,5.27,5.55,5.55
호원대학교,건축학과,인문계고전형,5.5,6.2,6.2
호원대학교,경영학과,일반전형,8.2,9.0,9.0
호원대학교,경찰행정학과,일반전형,5.8,6.5,6.5
호원대학교,관광경영학과,일반전형,3.8,3.97,3.97
호원대학교,교양인문학부,일반전형,3.84,4.01,4.01
호원대학교,국방기술학과,일반전형,4.38,4.6,4.6
호원대학교,기계공학과,학생부전형,5.5,5.59,5.59
호원대학교,물리치료학과,일반전형,4.99,5.14,5.14
호원대학교,언어치료학과,일반전형,4.99,5.14,5.14
호원대학교,응급구조학과,일반전형,6.74,6.91,6.91
홍익대학교,건축학과,학생부교과전형,3.89,3.85,3.85
홍익대학교,경영정보학과,학생부교과전형,4.23,4.29,4.29
홍익대학교,기계설계공학과,학생부교과전형,4.23,4.29,4.29
홍익대학교 세종캠퍼스,건축공학과,학생부교과전형,3.89,3.85,3.85
홍익대학교 세종캠퍼스,건축학과,학생부교과전형,3.89,3.85,3.85
홍익대학교 세종캠퍼스,광고홍보학과,학생부교과전형,3.75,4.12,4.12
홍익대학교 세종캠퍼스,교양경상학부,학생부교과전형,4.06,4.23,4.23
홍익대학교 세종캠퍼스,기계공학과,학생부교과전형,4.23,4.29,4.29
화성의과학대학교,간호학과,일반전형,2.72,2.78,2.78
화성의과학대학교,경영학과,일반전형,3.94,4.03,4.03
화성의과학대학교,생명공학과,일반전형,3.22,4.17,4.17
화성의과학대학교,생명과학과,일반전형,3.22,4.17,4.17
